eventId,period,time,away_team,home_team,home_team_side,eventType,eventOwnerTeamId,losingPlayerId,winningPlayerId,xCoord,yCoord,zoneCode,hittingPlayerId,hitteePlayerId,blockingPlayerId,shootingPlayerId,reason,playerId,shotType,goalieInNetId,awaySOG,homeSOG,secondaryReason,typeCode,descKey,duration,committedByPlayerId,drawnByPlayerId,scoringPlayerId,scoringPlayerTotal,assist1PlayerId,assist1PlayerTotal,awayScore,homeScore,discreteClip,assist2PlayerId,assist2PlayerTotal,servedByPlayerId
51,1,00:00,FLA,VGK,right,period-start,,,,,,,,,,,,,,,,,,,,,,,,,,,,,,,,
52,1,00:00,FLA,VGK,right,faceoff,13.0,8478462.0,8477935.0,0.0,0.0,N,,,,,,,,,,,,,,,,,,,,,,,,,,
8,1,00:23,FLA,VGK,right,hit,13.0,,,89.0,31.0,O,8479314.0,8474565.0,,,,,,,,,,,,,,,,,,,,,,,,
9,1,00:27,FLA,VGK,right,hit,13.0,,,-14.0,40.0,N,8476393.0,8477478.0,,,,,,,,,,,,,,,,,,,,,,,,
10,1,00:32,FLA,VGK,right,hit,54.0,,,-86.0,36.0,O,8478434.0,8477935.0,,,,,,,,,,,,,,,,,,,,,,,,
53,1,00:51,FLA,VGK,right,blocked-shot,54.0,,,-85.0,-13.0,D,,,8477493.0,8476539.0,,,,,,,,,,,,,,,,,,,,,,
11,1,01:01,FLA,VGK,right,stoppage,,,,,,,,,,,icing,,,,,,,,,,,,,,,,,,,,,
54,1,01:01,FLA,VGK,right,faceoff,13.0,8476905.0,8477493.0,-69.0,-22.0,D,,,,,,,,,,,,,,,,,,,,,,,,,,
12,1,01:08,FLA,VGK,right,takeaway,54.0,,,-28.0,-26.0,O,,,,,,8475913.0,,,,,,,,,,,,,,,,,,,,
14,1,01:11,FLA,VGK,right,giveaway,54.0,,,-30.0,-23.0,O,,,,,,8476905.0,,,,,,,,,,,,,,,,,,,,
13,1,01:11,FLA,VGK,right,hit,13.0,,,-27.0,-30.0,D,8477932.0,8476905.0,,,,,,,,,,,,,,,,,,,,,,,,
15,1,01:20,FLA,VGK,right,hit,13.0,,,48.0,-40.0,O,8477409.0,8479980.0,,,,,,,,,,,,,,,,,,,,,,,,
55,1,01:29,FLA,VGK,right,shot-on-goal,13.0,,,73.0,27.0,O,,,,8479372.0,,,wrist,8478499.0,1.0,0.0,,,,,,,,,,,,,,,,
16,1,01:30,FLA,VGK,right,stoppage,,,,,,,,,,,goalie-stopped-after-sog,,,,,,,,,,,,,,,,,,,,,
56,1,01:30,FLA,VGK,right,faceoff,54.0,8482113.0,8476448.0,69.0,22.0,D,,,,,,,,,,,,,,,,,,,,,,,,,,
72,1,01:41,FLA,VGK,right,missed-shot,54.0,,,-72.0,2.0,O,,,,8476448.0,wide-of-net,,wrist,8475683.0,,,,,,,,,,,,,,,,,,
57,1,01:44,FLA,VGK,right,missed-shot,54.0,,,-74.0,8.0,O,,,,8478020.0,wide-of-net,,backhand,8475683.0,,,,,,,,,,,,,,,,,,
17,1,01:49,FLA,VGK,right,hit,13.0,,,-35.0,29.0,D,8479066.0,8474565.0,,,,,,,,,,,,,,,,,,,,,,,,
58,1,01:50,FLA,VGK,right,missed-shot,54.0,,,-39.0,32.0,O,,,,8474565.0,wide-of-net,,wrist,8475683.0,,,,,,,,,,,,,,,,,,
18,1,01:56,FLA,VGK,right,stoppage,,,,,,,,,,,icing,,,,,,,,,,,,,,,,,,,,,
59,1,01:56,FLA,VGK,right,faceoff,54.0,8482113.0,8478403.0,-69.0,22.0,O,,,,,,,,,,,,,,,,,,,,,,,,,,
19,1,02:15,FLA,VGK,right,hit,54.0,,,-96.0,3.0,O,8477964.0,8478055.0,,,,,,,,,,,,,,,,,,,,,,,,
20,1,02:28,FLA,VGK,right,hit,13.0,,,15.0,-39.0,N,8477932.0,8477964.0,,,,,,,,,,,,,,,,,,,,,,,,
21,1,02:36,FLA,VGK,right,takeaway,13.0,,,33.0,39.0,O,,,,,,8478055.0,,,,,,,,,,,,,,,,,,,,
60,1,02:57,FLA,VGK,right,missed-shot,13.0,,,62.0,-20.0,O,,,,8476393.0,wide-of-net,,wrist,8478499.0,,,,,,,,,,,,,,,,,,
22,1,03:07,FLA,VGK,right,giveaway,54.0,,,83.0,9.0,D,,,,,,8478434.0,,,,,,,,,,,,,,,,,,,,
61,1,03:07,FLA,VGK,right,missed-shot,13.0,,,84.0,7.0,O,,,,8479314.0,wide-of-net,,wrist,8478499.0,,,,,,,,,,,,,,,,,,
23,1,03:14,FLA,VGK,right,hit,13.0,,,-1.0,39.0,N,8471686.0,8478434.0,,,,,,,,,,,,,,,,,,,,,,,,
24,1,03:31,FLA,VGK,right,giveaway,54.0,,,75.0,22.0,D,,,,,,8476905.0,,,,,,,,,,,,,,,,,,,,
62,1,03:32,FLA,VGK,right,shot-on-goal,13.0,,,36.0,23.0,O,,,,8478055.0,,,slap,8478499.0,2.0,0.0,,,,,,,,,,,,,,,,
25,1,03:33,FLA,VGK,right,stoppage,,,,,,,,,,,goalie-stopped-after-sog,,,,,,,,,,,,,,,,,,,,,
251,1,03:33,FLA,VGK,right,stoppage,,,,,,,,,,,rink-repair,,,,,,rink-repair,,,,,,,,,,,,,,,
63,1,03:33,FLA,VGK,right,faceoff,54.0,8477493.0,8476905.0,69.0,22.0,D,,,,,,,,,,,,,,,,,,,,,,,,,,
26,1,03:48,FLA,VGK,right,giveaway,13.0,,,-46.0,22.0,D,,,,,,8477932.0,,,,,,,,,,,,,,,,,,,,
64,1,03:49,FLA,VGK,right,shot-on-goal,54.0,,,-73.0,-2.0,O,,,,8479353.0,,,wrist,8475683.0,2.0,1.0,,,,,,,,,,,,,,,,
27,1,03:51,FLA,VGK,right,stoppage,,,,,,,,,,,goalie-stopped-after-sog,,,,,,,,,,,,,,,,,,,,,
65,1,03:51,FLA,VGK,right,faceoff,54.0,8477493.0,8476448.0,-69.0,-22.0,O,,,,,,,,,,,,,,,,,,,,,,,,,,
66,1,03:52,FLA,VGK,right,shot-on-goal,54.0,,,-53.0,-18.0,O,,,,8478020.0,,,wrist,8475683.0,2.0,2.0,,,,,,,,,,,,,,,,
67,1,03:57,FLA,VGK,right,shot-on-goal,54.0,,,-45.0,-39.0,O,,,,8474166.0,,,wrist,8475683.0,2.0,3.0,,,,,,,,,,,,,,,,
28,1,03:57,FLA,VGK,right,stoppage,,,,,,,,,,,goalie-stopped-after-sog,,,,,,,,,,,,,,,,,,,,,
68,1,03:57,FLA,VGK,right,faceoff,54.0,8477933.0,8476448.0,-69.0,-22.0,O,,,,,,,,,,,,,,,,,,,,,,,,,,
301,1,03:59,FLA,VGK,right,blocked-shot,54.0,,,-68.0,-14.0,D,,,8477933.0,8475188.0,,,,,,,,,,,,,,,,,,,,,,
29,1,04:45,FLA,VGK,right,stoppage,,,,,,,,,,,offside,,,,,,,,,,,,,,,,,,,,,
69,1,04:45,FLA,VGK,right,faceoff,54.0,8477935.0,8478403.0,20.0,22.0,N,,,,,,,,,,,,,,,,,,,,,,,,,,
30,1,05:03,FLA,VGK,right,takeaway,13.0,,,-83.0,-3.0,D,,,,,,8478055.0,,,,,,,,,,,,,,,,,,,,
31,1,05:03,FLA,VGK,right,hit,54.0,,,-87.0,-31.0,O,8476539.0,8478055.0,,,,,,,,,,,,,,,,,,,,,,,,
32,1,05:15,FLA,VGK,right,giveaway,54.0,,,-68.0,-30.0,O,,,,,,8477964.0,,,,,,,,,,,,,,,,,,,,
70,1,05:22,FLA,VGK,right,shot-on-goal,13.0,,,60.0,0.0,O,,,,8477932.0,,,snap,8478499.0,3.0,3.0,,,,,,,,,,,,,,,,
33,1,05:37,FLA,VGK,right,giveaway,13.0,,,-12.0,-5.0,N,,,,,,8478400.0,,,,,,,,,,,,,,,,,,,,
34,1,05:58,FLA,VGK,right,hit,13.0,,,0.0,-39.0,N,8470595.0,8474166.0,,,,,,,,,,,,,,,,,,,,,,,,
71,1,06:34,FLA,VGK,right,blocked-shot,54.0,,,-61.0,1.0,D,,,8477986.0,8475913.0,,,,,,,,,,,,,,,,,,,,,,
35,1,06:35,FLA,VGK,right,stoppage,,,,,,,,,,,puck-in-netting,,,,,,tv-timeout,,,,,,,,,,,,,,,
73,1,06:35,FLA,VGK,right,faceoff,13.0,8476905.0,8477493.0,-69.0,22.0,D,,,,,,,,,,,,,,,,,,,,,,,,,,
36,1,06:47,FLA,VGK,right,stoppage,,,,,,,,,,,icing,,,,,,,,,,,,,,,,,,,,,
74,1,06:47,FLA,VGK,right,faceoff,54.0,8477493.0,8476905.0,69.0,22.0,D,,,,,,,,,,,,,,,,,,,,,,,,,,
37,1,07:07,FLA,VGK,right,giveaway,54.0,,,-93.0,30.0,O,,,,,,8476905.0,,,,,,,,,,,,,,,,,,,,
38,1,07:43,FLA,VGK,right,hit,13.0,,,89.0,-33.0,O,8479066.0,8479980.0,,,,,,,,,,,,,,,,,,,,,,,,
75,1,07:44,FLA,VGK,right,blocked-shot,13.0,,,84.0,-7.0,D,,,8480727.0,8477933.0,,,,,,,,,,,,,,,,,,,,,,
39,1,07:48,FLA,VGK,right,stoppage,,,,,,,,,,,goalie-stopped-after-sog,,,,,,,,,,,,,,,,,,,,,
77,1,07:48,FLA,VGK,right,faceoff,54.0,8477935.0,8478403.0,69.0,22.0,D,,,,,,,,,,,,,,,,,,,,,,,,,,
40,1,08:03,FLA,VGK,right,stoppage,,,,,,,,,,,icing,,,,,,,,,,,,,,,,,,,,,
78,1,08:03,FLA,VGK,right,faceoff,54.0,8477935.0,8478403.0,69.0,22.0,D,,,,,,,,,,,,,,,,,,,,,,,,,,
79,1,08:10,FLA,VGK,right,blocked-shot,13.0,,,69.0,1.0,D,,,8480727.0,8477935.0,,,,,,,,,,,,,,,,,,,,,,
41,1,08:10,FLA,VGK,right,takeaway,13.0,,,46.0,-35.0,O,,,,,,8477932.0,,,,,,,,,,,,,,,,,,,,
42,1,08:24,FLA,VGK,right,hit,54.0,,,88.0,32.0,D,8480727.0,8476393.0,,,,,,,,,,,,,,,,,,,,,,,,
80,1,08:27,FLA,VGK,right,shot-on-goal,13.0,,,80.0,-17.0,O,,,,8479314.0,,,wrist,8478499.0,4.0,3.0,,,,,,,,,,,,,,,,
81,1,08:30,FLA,VGK,right,shot-on-goal,13.0,,,81.0,1.0,O,,,,8476393.0,,,backhand,8478499.0,5.0,3.0,,,,,,,,,,,,,,,,
253,1,08:30,FLA,VGK,right,shot-on-goal,13.0,,,83.0,0.0,O,,,,8477935.0,,,wrist,8478499.0,6.0,3.0,,,,,,,,,,,,,,,,
252,1,08:30,FLA,VGK,right,stoppage,,,,,,,,,,,goalie-stopped-after-sog,,,,,,,,,,,,,,,,,,,,,
185,1,08:30,FLA,VGK,right,penalty,13.0,,,86.0,2.0,O,,,,,,,,,,,,MIN,roughing,2.0,8476393.0,8478499.0,,,,,,,,,,
82,1,08:30,FLA,VGK,right,faceoff,13.0,8476905.0,8477933.0,-69.0,-22.0,D,,,,,,,,,,,,,,,,,,,,,,,,,,
43,1,09:11,FLA,VGK,right,stoppage,,,,,,,,,,,puck-in-netting,,,,,,,,,,,,,,,,,,,,,
83,1,09:11,FLA,VGK,right,faceoff,54.0,8482113.0,8478403.0,-69.0,22.0,O,,,,,,,,,,,,,,,,,,,,,,,,,,
44,1,09:14,FLA,VGK,right,stoppage,,,,,,,,,,,puck-in-benches,,,,,,,,,,,,,,,,,,,,,
84,1,09:14,FLA,VGK,right,faceoff,54.0,8482113.0,8478462.0,-69.0,22.0,O,,,,,,,,,,,,,,,,,,,,,,,,,,
85,1,09:22,FLA,VGK,right,missed-shot,54.0,,,-86.0,-11.0,O,,,,8477964.0,goalpost,,wrist,8475683.0,,,,,,,,,,,,,,,,,,
45,1,09:24,FLA,VGK,right,hit,54.0,,,-99.0,-13.0,O,8478462.0,8477986.0,,,,,,,,,,,,,,,,,,,,,,,,
46,1,09:33,FLA,VGK,right,giveaway,54.0,,,-43.0,41.0,O,,,,,,8475191.0,,,,,,,,,,,,,,,,,,,,
87,1,09:40,FLA,VGK,right,goal,13.0,,,93.0,-5.0,O,,,,,,,wrap-around,8478499.0,,,,,,,,,8470595.0,2.0,8482113.0,7.0,1.0,0.0,6335751717112.0,,,
47,1,09:40,FLA,VGK,right,faceoff,54.0,8477493.0,8478403.0,0.0,0.0,N,,,,,,,,,,,,,,,,,,,,,,,,,,
48,1,10:05,FLA,VGK,right,stoppage,,,,,,,,,,,icing,,,,,,,,,,,,,,,,,,,,,
88,1,10:05,FLA,VGK,right,faceoff,13.0,8478403.0,8470595.0,69.0,22.0,O,,,,,,,,,,,,,,,,,,,,,,,,,,
50,1,10:48,FLA,VGK,right,hit,54.0,,,-90.0,34.0,O,8477478.0,8479372.0,,,,,,,,,,,,,,,,,,,,,,,,
89,1,10:51,FLA,VGK,right,missed-shot,54.0,,,-60.0,15.0,O,,,,8480727.0,goalpost,,snap,8475683.0,,,,,,,,,,,,,,,,,,
90,1,10:55,FLA,VGK,right,missed-shot,54.0,,,-82.0,5.0,O,,,,8477478.0,wide-of-net,,tip-in,8475683.0,,,,,,,,,,,,,,,,,,
91,1,11:02,FLA,VGK,right,missed-shot,54.0,,,-38.0,33.0,O,,,,8478434.0,wide-of-net,,wrist,8475683.0,,,,,,,,,,,,,,,,,,
202,1,11:29,FLA,VGK,right,delayed-penalty,54.0,,,,,,,,,,,,,,,,,,,,,,,,,,,,,,,
203,1,11:41,FLA,VGK,right,takeaway,54.0,,,-92.0,29.0,O,,,,,,8475191.0,,,,,,,,,,,,,,,,,,,,
204,1,11:42,FLA,VGK,right,penalty,54.0,,,-3.0,41.0,N,,,,,,,,,,,,MIN,roughing,2.0,8477478.0,8479314.0,,,,,,,,,,
254,1,11:42,FLA,VGK,right,stoppage,,,,,,,,,,,tv-timeout,,,,,,tv-timeout,,,,,,,,,,,,,,,
92,1,11:42,FLA,VGK,right,faceoff,54.0,8477493.0,8476448.0,69.0,22.0,D,,,,,,,,,,,,,,,,,,,,,,,,,,
207,1,12:01,FLA,VGK,right,hit,54.0,,,-24.0,-39.0,N,8475188.0,8477935.0,,,,,,,,,,,,,,,,,,,,,,,,
93,1,12:35,FLA,VGK,right,missed-shot,13.0,,,45.0,22.0,O,,,,8479314.0,goalpost,,slap,8478499.0,,,,,,,,,,,,,,,,,,
94,1,12:41,FLA,VGK,right,missed-shot,13.0,,,58.0,-24.0,O,,,,8477935.0,wide-of-net,,snap,8478499.0,,,,,,,,,,,,,,,,,,
208,1,12:46,FLA,VGK,right,giveaway,13.0,,,79.0,24.0,O,,,,,,8479314.0,,,,,,,,,,,,,,,,,,,,
95,1,13:09,FLA,VGK,right,blocked-shot,13.0,,,65.0,-14.0,D,,,8479980.0,8477932.0,,,,,,,,,,,,,,,,,,,,,,
96,1,13:29,FLA,VGK,right,blocked-shot,13.0,,,82.0,-12.0,D,,,8480727.0,8478055.0,,,,,,,,,,,,,,,,,,,,,,
97,1,13:44,FLA,VGK,right,blocked-shot,13.0,,,72.0,11.0,D,,,8480727.0,8477409.0,,,,,,,,,,,,,,,,,,,,,,
209,1,13:46,FLA,VGK,right,stoppage,,,,,,,,,,,puck-in-netting,,,,,,,,,,,,,,,,,,,,,
98,1,13:46,FLA,VGK,right,faceoff,54.0,8478400.0,8478403.0,69.0,22.0,D,,,,,,,,,,,,,,,,,,,,,,,,,,
211,1,14:13,FLA,VGK,right,takeaway,54.0,,,22.0,31.0,N,,,,,,8474565.0,,,,,,,,,,,,,,,,,,,,
99,1,14:16,FLA,VGK,right,shot-on-goal,13.0,,,56.0,22.0,O,,,,8477986.0,,,wrist,8478499.0,7.0,3.0,,,,,,,,,,,,,,,,
100,1,14:23,FLA,VGK,right,missed-shot,13.0,,,73.0,19.0,O,,,,8479066.0,wide-of-net,,snap,8478499.0,,,,,,,,,,,,,,,,,,
351,1,15:07,FLA,VGK,right,missed-shot,54.0,,,-41.0,-3.0,O,,,,8477447.0,wide-of-net,,wrist,8475683.0,,,,,,,,,,,,,,,,,,
212,1,15:15,FLA,VGK,right,hit,54.0,,,-68.0,40.0,O,8479353.0,8477493.0,,,,,,,,,,,,,,,,,,,,,,,,
213,1,15:19,FLA,VGK,right,hit,13.0,,,-43.0,-40.0,D,8477493.0,8475188.0,,,,,,,,,,,,,,,,,,,,,,,,
214,1,15:32,FLA,VGK,right,hit,54.0,,,-89.0,-34.0,O,8477478.0,8477493.0,,,,,,,,,,,,,,,,,,,,,,,,
352,1,15:48,FLA,VGK,right,blocked-shot,13.0,,,41.0,-13.0,D,,,8477478.0,8477935.0,,,,,,,,,,,,,,,,,,,,,,
215,1,15:52,FLA,VGK,right,takeaway,54.0,,,59.0,-20.0,D,,,,,,8478462.0,,,,,,,,,,,,,,,,,,,,
353,1,15:58,FLA,VGK,right,missed-shot,54.0,,,-73.0,-14.0,O,,,,8478462.0,wide-of-net,,deflected,8475683.0,,,,,,,,,,,,,,,,,,
216,1,16:06,FLA,VGK,right,hit,54.0,,,14.0,-38.0,N,8478434.0,8476393.0,,,,,,,,,,,,,,,,,,,,,,,,
218,1,16:17,FLA,VGK,right,takeaway,54.0,,,-7.0,24.0,N,,,,,,8475191.0,,,,,,,,,,,,,,,,,,,,
220,1,16:19,FLA,VGK,right,hit,13.0,,,-92.0,-29.0,D,8476393.0,8474166.0,,,,,,,,,,,,,,,,,,,,,,,,
354,1,16:23,FLA,VGK,right,shot-on-goal,54.0,,,-75.0,39.0,O,,,,8475191.0,,,snap,8475683.0,7.0,4.0,,,,,,,,,,,,,,,,
255,1,16:24,FLA,VGK,right,delayed-penalty,13.0,,,,,,,,,,,,,,,,,,,,,,,,,,,,,,,
455,1,16:27,FLA,VGK,right,penalty,13.0,,,-97.0,-4.0,D,,,,,,,,,,,,MIN,interference,2.0,8479372.0,8476448.0,,,,,,,,,,
256,1,16:27,FLA,VGK,right,stoppage,,,,,,,,,,,tv-timeout,,,,,,tv-timeout,,,,,,,,,,,,,,,
355,1,16:27,FLA,VGK,right,faceoff,13.0,8476905.0,8477933.0,-69.0,-22.0,D,,,,,,,,,,,,,,,,,,,,,,,,,,
221,1,16:49,FLA,VGK,right,giveaway,54.0,,,-46.0,-39.0,O,,,,,,8476539.0,,,,,,,,,,,,,,,,,,,,
356,1,17:01,FLA,VGK,right,shot-on-goal,54.0,,,-85.0,5.0,O,,,,8475913.0,,,wrist,8475683.0,7.0,5.0,,,,,,,,,,,,,,,,
302,1,17:02,FLA,VGK,right,shot-on-goal,54.0,,,-89.0,4.0,O,,,,8475913.0,,,poke,8475683.0,7.0,6.0,,,,,,,,,,,,,,,,
222,1,17:03,FLA,VGK,right,stoppage,,,,,,,,,,,goalie-stopped-after-sog,,,,,,,,,,,,,,,,,,,,,
357,1,17:03,FLA,VGK,right,faceoff,13.0,8478403.0,8482113.0,-69.0,22.0,D,,,,,,,,,,,,,,,,,,,,,,,,,,
358,1,17:18,FLA,VGK,right,goal,54.0,,,-79.0,-1.0,O,,,,,,,snap,8475683.0,,,,,,,,,8476539.0,10.0,8476905.0,7.0,1.0,1.0,6335749756112.0,8477447.0,8.0,
223,1,17:18,FLA,VGK,right,faceoff,54.0,8477493.0,8476448.0,0.0,0.0,N,,,,,,,,,,,,,,,,,,,,,,,,,,
224,1,17:25,FLA,VGK,right,hit,13.0,,,-1.0,40.0,N,8471686.0,8478020.0,,,,,,,,,,,,,,,,,,,,,,,,
303,1,17:39,FLA,VGK,right,blocked-shot,13.0,,,81.0,6.0,D,,,8474565.0,8477493.0,,,,,,,,,,,,,,,,,,,,,,
359,1,17:39,FLA,VGK,right,shot-on-goal,13.0,,,76.0,9.0,O,,,,8477493.0,,,snap,8478499.0,8.0,6.0,,,,,,,,,,,,,,,,
360,1,17:56,FLA,VGK,right,blocked-shot,13.0,,,60.0,-19.0,D,,,8475191.0,8477986.0,,,,,,,,,,,,,,,,,,,,,,
225,1,18:00,FLA,VGK,right,hit,13.0,,,94.0,27.0,O,8477493.0,8474565.0,,,,,,,,,,,,,,,,,,,,,,,,
226,1,18:15,FLA,VGK,right,hit,13.0,,,-88.0,36.0,D,8479314.0,8478434.0,,,,,,,,,,,,,,,,,,,,,,,,
227,1,18:40,FLA,VGK,right,giveaway,13.0,,,-3.0,2.0,N,,,,,,8477932.0,,,,,,,,,,,,,,,,,,,,
361,1,18:55,FLA,VGK,right,missed-shot,54.0,,,-87.0,5.0,O,,,,8477964.0,wide-of-net,,wrap-around,8475683.0,,,,,,,,,,,,,,,,,,
367,1,18:58,FLA,VGK,right,blocked-shot,54.0,,,-64.0,-22.0,D,,,8477933.0,8475188.0,,,,,,,,,,,,,,,,,,,,,,
362,1,19:00,FLA,VGK,right,missed-shot,54.0,,,-32.0,-1.0,O,,,,8477447.0,wide-of-net,,wrist,8475683.0,,,,,,,,,,,,,,,,,,
365,1,19:21,FLA,VGK,right,missed-shot,54.0,,,-81.0,-1.0,O,,,,8477964.0,over-net,,tip-in,8475683.0,,,,,,,,,,,,,,,,,,
228,1,19:25,FLA,VGK,right,hit,54.0,,,-90.0,-31.0,O,8477964.0,8477932.0,,,,,,,,,,,,,,,,,,,,,,,,
229,1,19:28,FLA,VGK,right,stoppage,,,,,,,,,,,icing,,,,,,,,,,,,,,,,,,,,,
366,1,19:28,FLA,VGK,right,faceoff,54.0,8477933.0,8476905.0,-69.0,-22.0,O,,,,,,,,,,,,,,,,,,,,,,,,,,
230,1,19:35,FLA,VGK,right,giveaway,54.0,,,-60.0,-40.0,O,,,,,,8476905.0,,,,,,,,,,,,,,,,,,,,
231,1,19:43,FLA,VGK,right,hit,13.0,,,92.0,-29.0,O,8477933.0,8474565.0,,,,,,,,,,,,,,,,,,,,,,,,
232,1,20:00,FLA,VGK,right,period-end,,,,,,,,,,,,,,,,,,,,,,,,,,,,,,,,
368,2,00:00,FLA,VGK,left,period-start,,,,,,,,,,,,,,,,,,,,,,,,,,,,,,,,
369,2,00:00,FLA,VGK,left,faceoff,54.0,8477935.0,8478462.0,0.0,0.0,N,,,,,,,,,,,,,,,,,,,,,,,,,,
237,2,00:16,FLA,VGK,left,giveaway,54.0,,,-26.0,-40.0,D,,,,,,8474565.0,,,,,,,,,,,,,,,,,,,,
238,2,00:18,FLA,VGK,left,hit,13.0,,,-28.0,-39.0,O,8471686.0,8478434.0,,,,,,,,,,,,,,,,,,,,,,,,
239,2,00:34,FLA,VGK,left,hit,54.0,,,96.0,10.0,O,8478462.0,8477986.0,,,,,,,,,,,,,,,,,,,,,,,,
370,2,00:50,FLA,VGK,left,shot-on-goal,13.0,,,-81.0,0.0,O,,,,8476393.0,,,tip-in,8478499.0,9.0,6.0,,,,,,,,,,,,,,,,
304,2,00:51,FLA,VGK,left,blocked-shot,13.0,,,-83.0,0.0,D,,,8474565.0,8476393.0,,,,,,,,,,,,,,,,,,,,,,
371,2,01:23,FLA,VGK,left,shot-on-goal,54.0,,,83.0,5.0,O,,,,8478403.0,,,backhand,8475683.0,9.0,7.0,,,,,,,,,,,,,,,,
240,2,01:25,FLA,VGK,left,stoppage,,,,,,,,,,,goalie-stopped-after-sog,,,,,,,,,,,,,,,,,,,,,
372,2,01:25,FLA,VGK,left,faceoff,13.0,8476905.0,8477493.0,69.0,22.0,D,,,,,,,,,,,,,,,,,,,,,,,,,,
373,2,01:53,FLA,VGK,left,shot-on-goal,54.0,,,51.0,-3.0,O,,,,8476905.0,,,wrist,8475683.0,9.0,8.0,,,,,,,,,,,,,,,,
241,2,02:00,FLA,VGK,left,giveaway,54.0,,,40.0,36.0,O,,,,,,8477447.0,,,,,,,,,,,,,,,,,,,,
374,2,02:03,FLA,VGK,left,shot-on-goal,13.0,,,-73.0,26.0,O,,,,8477933.0,,,wrist,8478499.0,10.0,8.0,,,,,,,,,,,,,,,,
242,2,02:04,FLA,VGK,left,stoppage,,,,,,,,,,,goalie-stopped-after-sog,,,,,,,,,,,,,,,,,,,,,
375,2,02:04,FLA,VGK,left,faceoff,13.0,8476448.0,8477933.0,-69.0,22.0,O,,,,,,,,,,,,,,,,,,,,,,,,,,
376,2,02:13,FLA,VGK,left,missed-shot,13.0,,,-53.0,-23.0,O,,,,8479066.0,wide-of-net,,snap,8478499.0,,,,,,,,,,,,,,,,,,
243,2,02:19,FLA,VGK,left,takeaway,54.0,,,-97.0,6.0,D,,,,,,8480727.0,,,,,,,,,,,,,,,,,,,,
244,2,02:25,FLA,VGK,left,stoppage,,,,,,,,,,,icing,,,,,,,,,,,,,,,,,,,,,
377,2,02:25,FLA,VGK,left,faceoff,54.0,8482113.0,8476448.0,-69.0,-22.0,D,,,,,,,,,,,,,,,,,,,,,,,,,,
245,2,03:16,FLA,VGK,left,hit,54.0,,,-12.0,-41.0,N,8478434.0,8479372.0,,,,,,,,,,,,,,,,,,,,,,,,
563,2,03:28,FLA,VGK,left,penalty,13.0,,,78.0,5.0,D,,,,,,,,,,,,MIN,tripping,2.0,8479372.0,8478434.0,,,,,,,,,,
378,2,03:28,FLA,VGK,left,faceoff,54.0,8477933.0,8476905.0,69.0,22.0,O,,,,,,,,,,,,,,,,,,,,,,,,,,
246,2,03:55,FLA,VGK,left,giveaway,13.0,,,43.0,-38.0,D,,,,,,8478055.0,,,,,,,,,,,,,,,,,,,,
379,2,04:38,FLA,VGK,left,shot-on-goal,54.0,,,35.0,13.0,O,,,,8476539.0,,,slap,8475683.0,10.0,9.0,,,,,,,,,,,,,,,,
247,2,04:39,FLA,VGK,left,stoppage,,,,,,,,,,,goalie-stopped-after-sog,,,,,,,,,,,,,,,,,,,,,
380,2,04:39,FLA,VGK,left,faceoff,54.0,8477933.0,8477964.0,69.0,22.0,O,,,,,,,,,,,,,,,,,,,,,,,,,,
381,2,04:44,FLA,VGK,left,shot-on-goal,54.0,,,63.0,-31.0,O,,,,8475191.0,,,wrist,8475683.0,10.0,10.0,,,,,,,,,,,,,,,,
382,2,05:17,FLA,VGK,left,missed-shot,54.0,,,81.0,0.0,O,,,,8478462.0,over-net,,tip-in,8475683.0,,,,,,,,,,,,,,,,,,
383,2,05:24,FLA,VGK,left,shot-on-goal,54.0,,,83.0,-4.0,O,,,,8477964.0,,,wrist,8475683.0,10.0,11.0,,,,,,,,,,,,,,,,
248,2,05:25,FLA,VGK,left,stoppage,,,,,,,,,,,goalie-stopped-after-sog,,,,,,,,,,,,,,,,,,,,,
384,2,05:25,FLA,VGK,left,faceoff,54.0,8479314.0,8476905.0,69.0,-22.0,O,,,,,,,,,,,,,,,,,,,,,,,,,,
385,2,05:34,FLA,VGK,left,shot-on-goal,54.0,,,74.0,-14.0,O,,,,8475913.0,,,wrist,8475683.0,10.0,12.0,,,,,,,,,,,,,,,,
249,2,05:35,FLA,VGK,left,stoppage,,,,,,,,,,,goalie-stopped-after-sog,,,,,,,,,,,,,,,,,,,,,
386,2,05:35,FLA,VGK,left,faceoff,13.0,8479353.0,8477935.0,69.0,-22.0,D,,,,,,,,,,,,,,,,,,,,,,,,,,
257,2,05:40,FLA,VGK,left,hit,54.0,,,1.0,-39.0,N,8479353.0,8476393.0,,,,,,,,,,,,,,,,,,,,,,,,
250,2,05:46,FLA,VGK,left,hit,13.0,,,-91.0,33.0,O,8477935.0,8479980.0,,,,,,,,,,,,,,,,,,,,,,,,
501,2,05:58,FLA,VGK,left,hit,13.0,,,75.0,1.0,D,8471686.0,8475913.0,,,,,,,,,,,,,,,,,,,,,,,,
387,2,05:59,FLA,VGK,left,shot-on-goal,54.0,,,77.0,-3.0,O,,,,8475913.0,,,wrist,8475683.0,10.0,13.0,,,,,,,,,,,,,,,,
502,2,06:08,FLA,VGK,left,hit,54.0,,,64.0,-38.0,O,8476905.0,8471686.0,,,,,,,,,,,,,,,,,,,,,,,,
388,2,06:11,FLA,VGK,left,shot-on-goal,13.0,,,18.0,-38.0,N,,,,8479314.0,,,tip-in,8478499.0,11.0,13.0,,,,,,,,,,,,,,,,
503,2,06:33,FLA,VGK,left,hit,54.0,,,83.0,-36.0,O,8477964.0,8479372.0,,,,,,,,,,,,,,,,,,,,,,,,
504,2,06:39,FLA,VGK,left,hit,13.0,,,91.0,-22.0,D,8477493.0,8478403.0,,,,,,,,,,,,,,,,,,,,,,,,
389,2,06:56,FLA,VGK,left,missed-shot,54.0,,,80.0,-2.0,O,,,,8478403.0,wide-of-net,,backhand,8475683.0,,,,,,,,,,,,,,,,,,
505,2,07:08,FLA,VGK,left,stoppage,,,,,,,,,,,offside,,,,,,tv-timeout,,,,,,,,,,,,,,,
390,2,07:08,FLA,VGK,left,faceoff,54.0,8478400.0,8478462.0,20.0,22.0,N,,,,,,,,,,,,,,,,,,,,,,,,,,
506,2,07:44,FLA,VGK,left,stoppage,,,,,,,,,,,puck-frozen,,,,,,,,,,,,,,,,,,,,,
391,2,07:44,FLA,VGK,left,faceoff,54.0,8477933.0,8476905.0,-69.0,22.0,D,,,,,,,,,,,,,,,,,,,,,,,,,,
507,2,07:52,FLA,VGK,left,hit,13.0,,,-83.0,38.0,O,8479066.0,8479980.0,,,,,,,,,,,,,,,,,,,,,,,,
508,2,08:06,FLA,VGK,left,stoppage,,,,,,,,,,,icing,,,,,,,,,,,,,,,,,,,,,
392,2,08:06,FLA,VGK,left,faceoff,54.0,8477493.0,8476905.0,-69.0,-22.0,D,,,,,,,,,,,,,,,,,,,,,,,,,,
393,2,08:25,FLA,VGK,left,shot-on-goal,13.0,,,-74.0,-16.0,O,,,,8477493.0,,,snap,8478499.0,12.0,13.0,,,,,,,,,,,,,,,,
509,2,08:43,FLA,VGK,left,takeaway,54.0,,,64.0,35.0,O,,,,,,8476539.0,,,,,,,,,,,,,,,,,,,,
510,2,09:06,FLA,VGK,left,stoppage,,,,,,,,,,,offside,,,,,,,,,,,,,,,,,,,,,
394,2,09:06,FLA,VGK,left,faceoff,54.0,8477935.0,8476448.0,-20.0,-22.0,N,,,,,,,,,,,,,,,,,,,,,,,,,,
395,2,09:15,FLA,VGK,left,shot-on-goal,54.0,,,22.0,3.0,N,,,,8476448.0,,,tip-in,8475683.0,12.0,14.0,,,,,,,,,,,,,,,,
396,2,09:23,FLA,VGK,left,blocked-shot,13.0,,,-57.0,-26.0,D,,,8474565.0,8477935.0,,,,,,,,,,,,,,,,,,,,,,
511,2,09:23,FLA,VGK,left,stoppage,,,,,,,,,,,puck-in-netting,,,,,,,,,,,,,,,,,,,,,
397,2,09:23,FLA,VGK,left,faceoff,54.0,8477935.0,8478462.0,-69.0,-22.0,D,,,,,,,,,,,,,,,,,,,,,,,,,,
513,2,09:34,FLA,VGK,left,hit,13.0,,,97.0,-17.0,D,8477935.0,8474565.0,,,,,,,,,,,,,,,,,,,,,,,,
512,2,09:35,FLA,VGK,left,giveaway,13.0,,,97.0,1.0,D,,,,,,8475683.0,,,,,,,,,,,,,,,,,,,,
398,2,09:43,FLA,VGK,left,blocked-shot,54.0,,,49.0,0.0,D,,,8476393.0,8474565.0,,,,,,,,,,,,,,,,,,,,,,
399,2,09:57,FLA,VGK,left,blocked-shot,13.0,,,-73.0,-13.0,D,,,8474166.0,8476393.0,,,,,,,,,,,,,,,,,,,,,,
400,2,10:03,FLA,VGK,left,shot-on-goal,13.0,,,-74.0,-20.0,O,,,,8477935.0,,,wrist,8478499.0,13.0,14.0,,,,,,,,,,,,,,,,
601,2,10:04,FLA,VGK,left,shot-on-goal,13.0,,,-77.0,-9.0,O,,,,8477935.0,,,snap,8478499.0,14.0,14.0,,,,,,,,,,,,,,,,
514,2,10:04,FLA,VGK,left,stoppage,,,,,,,,,,,goalie-stopped-after-sog,,,,,,tv-timeout,,,,,,,,,,,,,,,
602,2,10:04,FLA,VGK,left,faceoff,13.0,8476905.0,8477493.0,-69.0,-22.0,O,,,,,,,,,,,,,,,,,,,,,,,,,,
603,2,10:34,FLA,VGK,left,blocked-shot,54.0,,,46.0,-14.0,D,,,8477407.0,8477447.0,,,,,,,,,,,,,,,,,,,,,,
515,2,10:40,FLA,VGK,left,hit,13.0,,,94.0,-27.0,D,8475462.0,8475913.0,,,,,,,,,,,,,,,,,,,,,,,,
604,2,10:43,FLA,VGK,left,shot-on-goal,54.0,,,38.0,-2.0,O,,,,8477447.0,,,wrist,8475683.0,14.0,15.0,,,,,,,,,,,,,,,,
605,2,10:54,FLA,VGK,left,goal,54.0,,,49.0,1.0,O,,,,,,,wrist,8475683.0,,,,,,,,,8477447.0,1.0,8475188.0,3.0,1.0,2.0,6335751142112.0,8479353.0,4.0,
516,2,10:54,FLA,VGK,left,faceoff,13.0,8478403.0,8482113.0,0.0,0.0,N,,,,,,,,,,,,,,,,,,,,,,,,,,
517,2,11:03,FLA,VGK,left,stoppage,,,,,,,,,,,puck-in-crowd,,,,,,,,,,,,,,,,,,,,,
518,2,11:03,FLA,VGK,left,faceoff,54.0,8482113.0,8478403.0,-20.0,22.0,N,,,,,,,,,,,,,,,,,,,,,,,,,,
606,2,11:33,FLA,VGK,left,shot-on-goal,54.0,,,35.0,23.0,O,,,,8479980.0,,,slap,8475683.0,14.0,16.0,,,,,,,,,,,,,,,,
519,2,11:34,FLA,VGK,left,stoppage,,,,,,,,,,,goalie-stopped-after-sog,,,,,,,,,,,,,,,,,,,,,
607,2,11:34,FLA,VGK,left,faceoff,54.0,8477935.0,8476448.0,69.0,22.0,O,,,,,,,,,,,,,,,,,,,,,,,,,,
608,2,11:38,FLA,VGK,left,missed-shot,54.0,,,31.0,25.0,O,,,,8474166.0,wide-of-net,,wrist,8475683.0,,,,,,,,,,,,,,,,,,
520,2,11:55,FLA,VGK,left,hit,13.0,,,-97.0,16.0,O,8477935.0,8474166.0,,,,,,,,,,,,,,,,,,,,,,,,
521,2,12:14,FLA,VGK,left,hit,13.0,,,90.0,25.0,D,8479314.0,8476448.0,,,,,,,,,,,,,,,,,,,,,,,,
609,2,12:30,FLA,VGK,left,shot-on-goal,13.0,,,-51.0,-28.0,O,,,,8476393.0,,,wrist,8478499.0,15.0,16.0,,,,,,,,,,,,,,,,
522,2,12:42,FLA,VGK,left,stoppage,,,,,,,,,,,puck-in-crowd,,,,,,,,,,,,,,,,,,,,,
610,2,12:42,FLA,VGK,left,faceoff,13.0,8478462.0,8478400.0,20.0,22.0,N,,,,,,,,,,,,,,,,,,,,,,,,,,
611,2,12:52,FLA,VGK,left,missed-shot,13.0,,,-64.0,33.0,O,,,,8474610.0,wide-of-net,,wrist,8478499.0,,,,,,,,,,,,,,,,,,
523,2,12:54,FLA,VGK,left,hit,54.0,,,-65.0,-40.0,D,8478434.0,8479372.0,,,,,,,,,,,,,,,,,,,,,,,,
525,2,13:08,FLA,VGK,left,hit,54.0,,,-21.0,39.0,N,8475188.0,8478055.0,,,,,,,,,,,,,,,,,,,,,,,,
528,2,13:30,FLA,VGK,left,takeaway,13.0,,,97.0,15.0,D,,,,,,8477407.0,,,,,,,,,,,,,,,,,,,,
527,2,13:31,FLA,VGK,left,hit,54.0,,,95.0,8.0,O,8477964.0,8477407.0,,,,,,,,,,,,,,,,,,,,,,,,
526,2,13:33,FLA,VGK,left,takeaway,54.0,,,55.0,-12.0,O,,,,,,8478403.0,,,,,,,,,,,,,,,,,,,,
612,2,13:33,FLA,VGK,left,shot-on-goal,54.0,,,72.0,-23.0,O,,,,8478403.0,,,wrist,8475683.0,15.0,17.0,,,,,,,,,,,,,,,,
529,2,13:34,FLA,VGK,left,stoppage,,,,,,,,,,,goalie-stopped-after-sog,,,,,,,,,,,,,,,,,,,,,
614,2,13:34,FLA,VGK,left,faceoff,13.0,8477964.0,8477493.0,69.0,-22.0,D,,,,,,,,,,,,,,,,,,,,,,,,,,
532,2,13:45,FLA,VGK,left,hit,54.0,,,-93.0,26.0,D,8478403.0,8477407.0,,,,,,,,,,,,,,,,,,,,,,,,
530,2,13:47,FLA,VGK,left,takeaway,54.0,,,-94.0,6.0,D,,,,,,8479980.0,,,,,,,,,,,,,,,,,,,,
531,2,13:52,FLA,VGK,left,hit,54.0,,,-69.0,40.0,D,8478403.0,8477932.0,,,,,,,,,,,,,,,,,,,,,,,,
615,2,14:27,FLA,VGK,left,shot-on-goal,13.0,,,-42.0,22.0,O,,,,8477986.0,,,slap,8478499.0,16.0,17.0,,,,,,,,,,,,,,,,
533,2,14:28,FLA,VGK,left,stoppage,,,,,,,,,,,goalie-stopped-after-sog,,,,,,tv-timeout,,,,,,,,,,,,,,,
616,2,14:28,FLA,VGK,left,faceoff,13.0,8476905.0,8477933.0,-69.0,22.0,O,,,,,,,,,,,,,,,,,,,,,,,,,,
534,2,14:36,FLA,VGK,left,delayed-penalty,54.0,,,,,,,,,,,,,,,,,,,,,,,,,,,,,,,
699,2,14:40,FLA,VGK,left,penalty,54.0,,,-90.0,-19.0,D,,,,,,,,,,,,MIN,hooking,2.0,8477447.0,8477986.0,,,,,,,,,,
617,2,14:40,FLA,VGK,left,faceoff,13.0,8478462.0,8477493.0,-69.0,-22.0,O,,,,,,,,,,,,,,,,,,,,,,,,,,
535,2,15:00,FLA,VGK,left,takeaway,54.0,,,-45.0,-38.0,D,,,,,,8474565.0,,,,,,,,,,,,,,,,,,,,
536,2,15:06,FLA,VGK,left,takeaway,54.0,,,-92.0,26.0,D,,,,,,8475188.0,,,,,,,,,,,,,,,,,,,,
618,2,15:30,FLA,VGK,left,blocked-shot,13.0,,,-69.0,5.0,D,,,8475188.0,8477986.0,,,,,,,,,,,,,,,,,,,,,,
537,2,16:07,FLA,VGK,left,giveaway,13.0,,,-96.0,11.0,O,,,,,,8477933.0,,,,,,,,,,,,,,,,,,,,
539,2,16:27,FLA,VGK,left,giveaway,54.0,,,-97.0,3.0,D,,,,,,8479980.0,,,,,,,,,,,,,,,,,,,,
619,2,16:27,FLA,VGK,left,shot-on-goal,13.0,,,-70.0,-21.0,O,,,,8482113.0,,,wrist,8478499.0,17.0,17.0,,,,,,,,,,,,,,,,
540,2,16:29,FLA,VGK,left,stoppage,,,,,,,,,,,goalie-stopped-after-sog,,,,,,,,,,,,,,,,,,,,,
620,2,16:29,FLA,VGK,left,faceoff,13.0,8478462.0,8482113.0,-69.0,-22.0,O,,,,,,,,,,,,,,,,,,,,,,,,,,
621,2,16:34,FLA,VGK,left,blocked-shot,13.0,,,-51.0,2.0,D,,,8479353.0,8477409.0,,,,,,,,,,,,,,,,,,,,,,
541,2,16:41,FLA,VGK,left,giveaway,13.0,,,-5.0,38.0,N,,,,,,8478055.0,,,,,,,,,,,,,,,,,,,,
542,2,16:45,FLA,VGK,left,stoppage,,,,,,,,,,,net-dislodged-offensive-skater,,,,,,,,,,,,,,,,,,,,,
622,2,16:45,FLA,VGK,left,faceoff,13.0,8478403.0,8478400.0,20.0,22.0,N,,,,,,,,,,,,,,,,,,,,,,,,,,
543,2,16:55,FLA,VGK,left,takeaway,54.0,,,-13.0,-38.0,N,,,,,,8477447.0,,,,,,,,,,,,,,,,,,,,
544,2,17:06,FLA,VGK,left,hit,13.0,,,-90.0,29.0,O,8470595.0,8475188.0,,,,,,,,,,,,,,,,,,,,,,,,
623,2,17:19,FLA,VGK,left,shot-on-goal,54.0,,,42.0,-23.0,O,,,,8477447.0,,,slap,8475683.0,17.0,18.0,,,,,,,,,,,,,,,,
545,2,17:20,FLA,VGK,left,stoppage,,,,,,,,,,,goalie-stopped-after-sog,,,,,,,,,,,,,,,,,,,,,
624,2,17:20,FLA,VGK,left,faceoff,13.0,8476448.0,8477493.0,69.0,-22.0,D,,,,,,,,,,,,,,,,,,,,,,,,,,
626,2,17:29,FLA,VGK,left,missed-shot,13.0,,,-54.0,-20.0,O,,,,8477493.0,goalpost,,wrist,8478499.0,,,,,,,,,,,,,,,,,,
546,2,17:47,FLA,VGK,left,stoppage,,,,,,,,,,,icing,,,,,,,,,,,,,,,,,,,,,
627,2,17:47,FLA,VGK,left,faceoff,13.0,8476905.0,8477493.0,69.0,22.0,D,,,,,,,,,,,,,,,,,,,,,,,,,,
547,2,17:56,FLA,VGK,left,stoppage,,,,,,,,,,,icing,,,,,,,,,,,,,,,,,,,,,
628,2,17:56,FLA,VGK,left,faceoff,13.0,8476905.0,8477493.0,69.0,22.0,D,,,,,,,,,,,,,,,,,,,,,,,,,,
548,2,18:21,FLA,VGK,left,giveaway,13.0,,,20.0,-39.0,N,,,,,,8478055.0,,,,,,,,,,,,,,,,,,,,
629,2,18:33,FLA,VGK,left,shot-on-goal,54.0,,,79.0,5.0,O,,,,8479353.0,,,wrist,8475683.0,17.0,19.0,,,,,,,,,,,,,,,,
549,2,18:53,FLA,VGK,left,hit,54.0,,,-86.0,36.0,D,8476905.0,8476393.0,,,,,,,,,,,,,,,,,,,,,,,,
630,2,18:57,FLA,VGK,left,shot-on-goal,13.0,,,-31.0,-21.0,O,,,,8479372.0,,,slap,8478499.0,18.0,19.0,,,,,,,,,,,,,,,,
701,2,18:58,FLA,VGK,left,stoppage,,,,,,,,,,,goalie-stopped-after-sog,,,,,,,,,,,,,,,,,,,,,
631,2,18:58,FLA,VGK,left,faceoff,13.0,8478403.0,8482113.0,-69.0,-22.0,O,,,,,,,,,,,,,,,,,,,,,,,,,,
632,2,19:01,FLA,VGK,left,missed-shot,13.0,,,-33.0,-27.0,O,,,,8477986.0,wide-of-net,,slap,8478499.0,,,,,,,,,,,,,,,,,,
633,2,19:12,FLA,VGK,left,shot-on-goal,13.0,,,-78.0,-27.0,O,,,,8479066.0,,,wrist,8478499.0,19.0,19.0,,,,,,,,,,,,,,,,
710,2,19:22,FLA,VGK,left,hit,54.0,,,-8.0,-38.0,N,8477964.0,8479066.0,,,,,,,,,,,,,,,,,,,,,,,,
711,2,19:25,FLA,VGK,left,hit,13.0,,,-1.0,-38.0,N,8477933.0,8477964.0,,,,,,,,,,,,,,,,,,,,,,,,
634,2,19:32,FLA,VGK,left,missed-shot,13.0,,,-74.0,-11.0,O,,,,8482113.0,wide-of-net,,tip-in,8478499.0,,,,,,,,,,,,,,,,,,
704,2,19:38,FLA,VGK,left,giveaway,54.0,,,-45.0,36.0,D,,,,,,8474565.0,,,,,,,,,,,,,,,,,,,,
635,2,19:39,FLA,VGK,left,shot-on-goal,13.0,,,-34.0,29.0,O,,,,8477986.0,,,slap,8478499.0,20.0,19.0,,,,,,,,,,,,,,,,
636,2,19:43,FLA,VGK,left,blocked-shot,13.0,,,-68.0,6.0,D,,,8478403.0,8478055.0,,,,,,,,,,,,,,,,,,,,,,
637,2,19:48,FLA,VGK,left,shot-on-goal,13.0,,,-75.0,40.0,O,,,,8482113.0,,,wrist,8478499.0,21.0,19.0,,,,,,,,,,,,,,,,
705,2,19:48,FLA,VGK,left,stoppage,,,,,,,,,,,goalie-stopped-after-sog,,,,,,,,,,,,,,,,,,,,,
638,2,19:48,FLA,VGK,left,faceoff,13.0,8476905.0,8477493.0,-69.0,22.0,O,,,,,,,,,,,,,,,,,,,,,,,,,,
639,2,19:49,FLA,VGK,left,goal,13.0,,,-58.0,23.0,O,,,,,,,wrist,8478499.0,,,,,,,,,8477407.0,4.0,,,2.0,2.0,6335749968112.0,,,
706,2,19:49,FLA,VGK,left,faceoff,54.0,8477493.0,8476905.0,0.0,0.0,N,,,,,,,,,,,,,,,,,,,,,,,,,,
707,2,20:00,FLA,VGK,left,period-end,,,,,,,,,,,,,,,,,,,,,,,,,,,,,,,,
640,3,00:00,FLA,VGK,right,period-start,,,,,,,,,,,,,,,,,,,,,,,,,,,,,,,,
641,3,00:00,FLA,VGK,right,faceoff,54.0,8477935.0,8478462.0,0.0,0.0,N,,,,,,,,,,,,,,,,,,,,,,,,,,
642,3,00:13,FLA,VGK,right,shot-on-goal,13.0,,,45.0,33.0,O,,,,8476393.0,,,wrist,8478499.0,22.0,19.0,,,,,,,,,,,,,,,,
714,3,00:17,FLA,VGK,right,hit,13.0,,,96.0,27.0,O,8477935.0,8480727.0,,,,,,,,,,,,,,,,,,,,,,,,
715,3,00:26,FLA,VGK,right,hit,13.0,,,92.0,-29.0,O,8476393.0,8479980.0,,,,,,,,,,,,,,,,,,,,,,,,
716,3,00:34,FLA,VGK,right,hit,13.0,,,-18.0,-40.0,N,8471686.0,8478434.0,,,,,,,,,,,,,,,,,,,,,,,,
717,3,00:34,FLA,VGK,right,hit,54.0,,,-26.0,-39.0,O,8477478.0,8476393.0,,,,,,,,,,,,,,,,,,,,,,,,
718,3,00:35,FLA,VGK,right,stoppage,,,,,,,,,,,offside,,,,,,,,,,,,,,,,,,,,,
643,3,00:35,FLA,VGK,right,faceoff,13.0,8478403.0,8477493.0,-20.0,-22.0,N,,,,,,,,,,,,,,,,,,,,,,,,,,
719,3,00:45,FLA,VGK,right,giveaway,54.0,,,4.0,40.0,N,,,,,,8477447.0,,,,,,,,,,,,,,,,,,,,
644,3,01:14,FLA,VGK,right,shot-on-goal,13.0,,,83.0,39.0,O,,,,8477409.0,,,wrist,8478499.0,23.0,19.0,,,,,,,,,,,,,,,,
720,3,01:25,FLA,VGK,right,hit,54.0,,,-96.0,-15.0,O,8476539.0,8477493.0,,,,,,,,,,,,,,,,,,,,,,,,
645,3,01:32,FLA,VGK,right,missed-shot,13.0,,,56.0,-20.0,O,,,,8479372.0,over-net,,wrist,8478499.0,,,,,,,,,,,,,,,,,,
646,3,01:40,FLA,VGK,right,shot-on-goal,54.0,,,-58.0,20.0,O,,,,8474565.0,,,wrist,8475683.0,23.0,20.0,,,,,,,,,,,,,,,,
721,3,01:41,FLA,VGK,right,stoppage,,,,,,,,,,,puck-frozen,,,,,,,,,,,,,,,,,,,,,
648,3,01:41,FLA,VGK,right,faceoff,13.0,8479353.0,8482113.0,-69.0,22.0,D,,,,,,,,,,,,,,,,,,,,,,,,,,
722,3,01:49,FLA,VGK,right,hit,13.0,,,8.0,-10.0,N,8479066.0,8474166.0,,,,,,,,,,,,,,,,,,,,,,,,
723,3,01:50,FLA,VGK,right,stoppage,,,,,,,,,,,hand-pass,,,,,,,,,,,,,,,,,,,,,
649,3,01:50,FLA,VGK,right,faceoff,13.0,8476905.0,8482113.0,20.0,-22.0,N,,,,,,,,,,,,,,,,,,,,,,,,,,
724,3,02:11,FLA,VGK,right,stoppage,,,,,,,,,,,puck-in-benches,,,,,,,,,,,,,,,,,,,,,
650,3,02:11,FLA,VGK,right,faceoff,13.0,8476448.0,8477935.0,-69.0,22.0,D,,,,,,,,,,,,,,,,,,,,,,,,,,
725,3,02:34,FLA,VGK,right,stoppage,,,,,,,,,,,puck-frozen,,,,,,,,,,,,,,,,,,,,,
801,3,02:34,FLA,VGK,right,faceoff,13.0,8476448.0,8478400.0,-69.0,-22.0,D,,,,,,,,,,,,,,,,,,,,,,,,,,
726,3,02:39,FLA,VGK,right,giveaway,13.0,,,-99.0,-17.0,D,,,,,,8477932.0,,,,,,,,,,,,,,,,,,,,
802,3,02:52,FLA,VGK,right,blocked-shot,54.0,,,-40.0,-1.0,D,,,8478400.0,8476448.0,,,,,,,,,,,,,,,,,,,,,,
727,3,02:59,FLA,VGK,right,stoppage,,,,,,,,,,,hand-pass,,,,,,,,,,,,,,,,,,,,,
804,3,02:59,FLA,VGK,right,faceoff,13.0,8477964.0,8477493.0,0.0,0.0,N,,,,,,,,,,,,,,,,,,,,,,,,,,
805,3,03:14,FLA,VGK,right,shot-on-goal,13.0,,,83.0,5.0,O,,,,8477409.0,,,wrist,8478499.0,24.0,20.0,,,,,,,,,,,,,,,,
806,3,03:21,FLA,VGK,right,missed-shot,13.0,,,36.0,-21.0,O,,,,8475462.0,wide-of-net,,wrist,8478499.0,,,,,,,,,,,,,,,,,,
807,3,03:33,FLA,VGK,right,shot-on-goal,13.0,,,58.0,22.0,O,,,,8482113.0,,,wrist,8478499.0,25.0,20.0,,,,,,,,,,,,,,,,
808,3,03:56,FLA,VGK,right,blocked-shot,54.0,,,-69.0,4.0,D,,,8477986.0,8478434.0,,,,,,,,,,,,,,,,,,,,,,
809,3,05:18,FLA,VGK,right,blocked-shot,54.0,,,-74.0,-2.0,D,,,8477932.0,8479980.0,,,,,,,,,,,,,,,,,,,,,,
728,3,05:29,FLA,VGK,right,stoppage,,,,,,,,,,,puck-frozen,,,,,,,,,,,,,,,,,,,,,
810,3,05:29,FLA,VGK,right,faceoff,54.0,8478400.0,8476448.0,-69.0,-22.0,O,,,,,,,,,,,,,,,,,,,,,,,,,,
811,3,05:31,FLA,VGK,right,blocked-shot,54.0,,,-60.0,-7.0,D,,,8474610.0,8474166.0,,,,,,,,,,,,,,,,,,,,,,
812,3,05:35,FLA,VGK,right,shot-on-goal,54.0,,,-81.0,22.0,O,,,,8474565.0,,,wrist,8475683.0,25.0,21.0,,,,,,,,,,,,,,,,
729,3,06:02,FLA,VGK,right,giveaway,13.0,,,90.0,31.0,O,,,,,,8478400.0,,,,,,,,,,,,,,,,,,,,
730,3,06:21,FLA,VGK,right,hit,54.0,,,89.0,32.0,D,8478403.0,8477493.0,,,,,,,,,,,,,,,,,,,,,,,,
813,3,06:28,FLA,VGK,right,blocked-shot,13.0,,,73.0,7.0,D,,,8477447.0,8471686.0,,,,,,,,,,,,,,,,,,,,,,
814,3,06:40,FLA,VGK,right,missed-shot,13.0,,,89.0,-30.0,O,,,,8477407.0,wide-of-net,,backhand,8478499.0,,,,,,,,,,,,,,,,,,
815,3,06:54,FLA,VGK,right,shot-on-goal,54.0,,,-82.0,-7.0,O,,,,8477964.0,,,wrist,8475683.0,25.0,22.0,,,,,,,,,,,,,,,,
731,3,06:59,FLA,VGK,right,hit,13.0,,,-85.0,-34.0,D,8477493.0,8477964.0,,,,,,,,,,,,,,,,,,,,,,,,
816,3,06:59,FLA,VGK,right,goal,54.0,,,-44.0,-6.0,O,,,,,,,wrist,8475683.0,,,,,,,,,8480727.0,2.0,8477964.0,10.0,2.0,3.0,6335749179112.0,8478403.0,13.0,
732,3,06:59,FLA,VGK,right,faceoff,54.0,8482113.0,8478462.0,0.0,0.0,N,,,,,,,,,,,,,,,,,,,,,,,,,,
890,3,07:12,FLA,VGK,right,penalty,54.0,,,-50.0,-36.0,O,,,,,,,,,,,,MIN,hooking,2.0,8478462.0,8477933.0,,,,,,,,,,
734,3,07:12,FLA,VGK,right,stoppage,,,,,,,,,,,tv-timeout,,,,,,tv-timeout,,,,,,,,,,,,,,,
817,3,07:12,FLA,VGK,right,faceoff,13.0,8476448.0,8477493.0,69.0,22.0,O,,,,,,,,,,,,,,,,,,,,,,,,,,
818,3,07:20,FLA,VGK,right,missed-shot,13.0,,,58.0,22.0,O,,,,8477493.0,wide-of-net,,snap,8478499.0,,,,,,,,,,,,,,,,,,
819,3,08:38,FLA,VGK,right,shot-on-goal,13.0,,,51.0,12.0,O,,,,8477409.0,,,wrist,8478499.0,26.0,22.0,,,,,,,,,,,,,,,,
735,3,08:40,FLA,VGK,right,stoppage,,,,,,,,,,,puck-in-netting,,,,,,,,,,,,,,,,,,,,,
820,3,08:40,FLA,VGK,right,faceoff,13.0,8476448.0,8482113.0,69.0,22.0,O,,,,,,,,,,,,,,,,,,,,,,,,,,
821,3,08:46,FLA,VGK,right,missed-shot,13.0,,,63.0,31.0,O,,,,8477932.0,wide-of-net,,slap,8478499.0,,,,,,,,,,,,,,,,,,
822,3,08:53,FLA,VGK,right,blocked-shot,13.0,,,69.0,8.0,D,,,8474565.0,8477932.0,,,,,,,,,,,,,,,,,,,,,,
736,3,08:57,FLA,VGK,right,giveaway,13.0,,,20.0,-30.0,N,,,,,,8477409.0,,,,,,,,,,,,,,,,,,,,
823,3,09:09,FLA,VGK,right,shot-on-goal,13.0,,,56.0,3.0,O,,,,8482113.0,,,wrist,8478499.0,27.0,22.0,,,,,,,,,,,,,,,,
738,3,09:14,FLA,VGK,right,takeaway,13.0,,,90.0,7.0,O,,,,,,8482113.0,,,,,,,,,,,,,,,,,,,,
258,3,09:59,FLA,VGK,right,delayed-penalty,13.0,,,,,,,,,,,,,,,,,,,,,,,,,,,,,,,
824,3,10:04,FLA,VGK,right,missed-shot,54.0,,,-69.0,6.0,O,,,,8476539.0,wide-of-net,,tip-in,8475683.0,,,,,,,,,,,,,,,,,,
259,3,10:04,FLA,VGK,right,stoppage,,,,,,,,,,,puck-frozen,,,,,,,,,,,,,,,,,,,,,
963,3,10:04,FLA,VGK,right,penalty,13.0,,,-70.0,0.0,D,,,,,,,,,,,,MIN,cross-checking,2.0,8470595.0,8477964.0,,,,,,,,,,
739,3,10:04,FLA,VGK,right,stoppage,,,,,,,,,,,tv-timeout,,,,,,tv-timeout,,,,,,,,,,,,,,,
825,3,10:04,FLA,VGK,right,faceoff,54.0,8477933.0,8478403.0,-69.0,-22.0,O,,,,,,,,,,,,,,,,,,,,,,,,,,
826,3,10:27,FLA,VGK,right,shot-on-goal,13.0,,,68.0,6.0,O,,,,8477933.0,,,wrist,8478499.0,28.0,22.0,,,,,,,,,,,,,,,,
740,3,10:50,FLA,VGK,right,stoppage,,,,,,,,,,,offside,,,,,,,,,,,,,,,,,,,,,
827,3,10:50,FLA,VGK,right,faceoff,54.0,8477935.0,8476448.0,0.0,0.0,N,,,,,,,,,,,,,,,,,,,,,,,,,,
828,3,11:05,FLA,VGK,right,shot-on-goal,13.0,,,-54.0,31.0,D,,,,8471686.0,,,slap,8478499.0,29.0,22.0,,,,,,,,,,,,,,,,
829,3,11:38,FLA,VGK,right,blocked-shot,54.0,,,-80.0,-5.0,D,,,8475462.0,8474565.0,,,,,,,,,,,,,,,,,,,,,,
741,3,11:55,FLA,VGK,right,stoppage,,,,,,,,,,,offside,,,,,,,,,,,,,,,,,,,,,
830,3,11:55,FLA,VGK,right,faceoff,54.0,8482113.0,8476905.0,-20.0,22.0,N,,,,,,,,,,,,,,,,,,,,,,,,,,
743,3,12:11,FLA,VGK,right,giveaway,13.0,,,-60.0,-39.0,D,,,,,,8478055.0,,,,,,,,,,,,,,,,,,,,
831,3,12:11,FLA,VGK,right,shot-on-goal,54.0,,,-57.0,-22.0,O,,,,8475913.0,,,snap,8475683.0,29.0,23.0,,,,,,,,,,,,,,,,
744,3,12:12,FLA,VGK,right,stoppage,,,,,,,,,,,goalie-stopped-after-sog,,,,,,,,,,,,,,,,,,,,,
832,3,12:12,FLA,VGK,right,faceoff,13.0,8476448.0,8477493.0,-69.0,-22.0,D,,,,,,,,,,,,,,,,,,,,,,,,,,
745,3,12:43,FLA,VGK,right,hit,13.0,,,94.0,-26.0,O,8477493.0,8475188.0,,,,,,,,,,,,,,,,,,,,,,,,
833,3,13:11,FLA,VGK,right,shot-on-goal,13.0,,,24.0,-2.0,N,,,,8475462.0,,,snap,8478499.0,30.0,23.0,,,,,,,,,,,,,,,,
746,3,13:12,FLA,VGK,right,stoppage,,,,,,,,,,,goalie-stopped-after-sog,,,,,,,,,,,,,,,,,,,,,
834,3,13:12,FLA,VGK,right,faceoff,54.0,8477935.0,8476905.0,69.0,-22.0,D,,,,,,,,,,,,,,,,,,,,,,,,,,
747,3,13:29,FLA,VGK,right,hit,54.0,,,-85.0,34.0,O,8479353.0,8477935.0,,,,,,,,,,,,,,,,,,,,,,,,
835,3,13:37,FLA,VGK,right,shot-on-goal,54.0,,,-35.0,0.0,O,,,,8480727.0,,,wrist,8475683.0,30.0,24.0,,,,,,,,,,,,,,,,
748,3,13:39,FLA,VGK,right,takeaway,54.0,,,-63.0,2.0,O,,,,,,8475913.0,,,,,,,,,,,,,,,,,,,,
836,3,13:41,FLA,VGK,right,goal,54.0,,,-71.0,1.0,O,,,,,,,wrist,8475683.0,,,,,,,,,8475913.0,7.0,,,2.0,4.0,6335751333112.0,,,
750,3,13:41,FLA,VGK,right,stoppage,,,,,,,,,,,chlg-vis-missed-stoppage,,,,,,chlg-vis-missed-stoppage,,,,,,,,,,,,,,,
996,3,13:41,FLA,VGK,right,penalty,13.0,,,1.0,-40.0,N,,,,,,,,,,,,BEN,delaying-game-unsuccessful-challenge,2.0,,,,,,,,,,,,8474610.0
837,3,13:41,FLA,VGK,right,faceoff,54.0,8477493.0,8478403.0,0.0,0.0,N,,,,,,,,,,,,,,,,,,,,,,,,,,
901,3,14:00,FLA,VGK,right,giveaway,54.0,,,95.0,-5.0,D,,,,,,8478499.0,,,,,,,,,,,,,,,,,,,,
305,3,14:20,FLA,VGK,right,takeaway,13.0,,,-80.0,1.0,D,,,,,,8477932.0,,,,,,,,,,,,,,,,,,,,
839,3,14:37,FLA,VGK,right,shot-on-goal,54.0,,,-63.0,5.0,O,,,,8476539.0,,,wrist,8475683.0,30.0,25.0,,,,,,,,,,,,,,,,
902,3,14:38,FLA,VGK,right,stoppage,,,,,,,,,,,goalie-stopped-after-sog,,,,,,,,,,,,,,,,,,,,,
840,3,14:38,FLA,VGK,right,faceoff,54.0,8477493.0,8476448.0,-69.0,22.0,O,,,,,,,,,,,,,,,,,,,,,,,,,,
841,3,14:47,FLA,VGK,right,missed-shot,54.0,,,-79.0,2.0,O,,,,8475191.0,wide-of-net,,tip-in,8475683.0,,,,,,,,,,,,,,,,,,
903,3,14:55,FLA,VGK,right,hit,13.0,,,-69.0,-38.0,D,8475462.0,8476539.0,,,,,,,,,,,,,,,,,,,,,,,,
904,3,14:57,FLA,VGK,right,stoppage,,,,,,,,,,,offside,,,,,,,,,,,,,,,,,,,,,
842,3,14:57,FLA,VGK,right,faceoff,13.0,8478403.0,8482113.0,20.0,22.0,N,,,,,,,,,,,,,,,,,,,,,,,,,,
843,3,15:35,FLA,VGK,right,shot-on-goal,54.0,,,-84.0,7.0,O,,,,8474565.0,,,wrist,8475683.0,30.0,26.0,,,,,,,,,,,,,,,,
905,3,15:36,FLA,VGK,right,stoppage,,,,,,,,,,,goalie-stopped-after-sog,,,,,,,,,,,,,,,,,,,,,
273,3,15:36,FLA,VGK,right,penalty,13.0,,,-97.0,20.0,D,,,,,,,,,,,,MIN,roughing,2.0,8479314.0,8479980.0,,,,,,,,,,8476393.0
906,3,15:36,FLA,VGK,right,penalty,13.0,,,-98.0,19.0,D,,,,,,,,,,,,MIN,roughing,2.0,8479314.0,8479980.0,,,,,,,,,,8476393.0
914,3,15:36,FLA,VGK,right,penalty,13.0,,,0.0,-39.0,N,,,,,,,,,,,,MIS,misconduct,10.0,8479314.0,,,,,,,,,,,
916,3,15:36,FLA,VGK,right,penalty,54.0,,,-95.0,13.0,O,,,,,,,,,,,,MIN,roughing,2.0,8476905.0,8477935.0,,,,,,,,,,
262,3,15:36,FLA,VGK,right,penalty,54.0,,,1.0,-38.0,N,,,,,,,,,,,,MIS,misconduct,10.0,8476905.0,,,,,,,,,,,
1063,3,15:36,FLA,VGK,right,penalty,13.0,,,-93.0,13.0,D,,,,,,,,,,,,MIN,roughing,2.0,8477935.0,8479980.0,,,,,,,,,,
912,3,15:36,FLA,VGK,right,penalty,13.0,,,-5.0,-38.0,N,,,,,,,,,,,,MIS,misconduct,10.0,8477935.0,,,,,,,,,,,
844,3,15:36,FLA,VGK,right,faceoff,54.0,8477493.0,8476448.0,-20.0,22.0,N,,,,,,,,,,,,,,,,,,,,,,,,,,
845,3,15:49,FLA,VGK,right,hit,54.0,,,-68.0,-41.0,O,8476539.0,8477932.0,,,,,,,,,,,,,,,,,,,,,,,,
846,3,16:45,FLA,VGK,right,missed-shot,54.0,,,-81.0,0.0,O,,,,8477964.0,wide-of-net,,tip-in,8475683.0,,,,,,,,,,,,,,,,,,
847,3,16:55,FLA,VGK,right,shot-on-goal,54.0,,,-87.0,-15.0,O,,,,8475913.0,,,wrist,8475683.0,30.0,27.0,,,,,,,,,,,,,,,,
922,3,16:57,FLA,VGK,right,stoppage,,,,,,,,,,,puck-frozen,,,,,,,,,,,,,,,,,,,,,
848,3,16:57,FLA,VGK,right,faceoff,13.0,8478403.0,8477933.0,-69.0,-22.0,D,,,,,,,,,,,,,,,,,,,,,,,,,,
849,3,17:43,FLA,VGK,right,shot-on-goal,54.0,,,-57.0,-27.0,O,,,,8479980.0,,,slap,8475683.0,30.0,28.0,,,,,,,,,,,,,,,,
923,3,17:46,FLA,VGK,right,hit,13.0,,,-72.0,7.0,D,8477493.0,8477964.0,,,,,,,,,,,,,,,,,,,,,,,,
850,3,17:53,FLA,VGK,right,shot-on-goal,13.0,,,86.0,-7.0,O,,,,8477933.0,,,wrist,8478499.0,31.0,28.0,,,,,,,,,,,,,,,,
924,3,17:56,FLA,VGK,right,hit,54.0,,,97.0,-7.0,D,8479980.0,8477933.0,,,,,,,,,,,,,,,,,,,,,,,,
925,3,18:11,FLA,VGK,right,takeaway,54.0,,,55.0,33.0,D,,,,,,8478403.0,,,,,,,,,,,,,,,,,,,,
1001,3,18:15,FLA,VGK,right,goal,54.0,,,-1.0,-17.0,N,,,,,,,wrist,,,,,,,,,,8475191.0,3.0,8478403.0,14.0,2.0,5.0,6335749088112.0,,,
927,3,18:15,FLA,VGK,right,penalty,13.0,,,-2.0,-39.0,N,,,,,,,,,,,,MIS,misconduct,10.0,8475462.0,,,,,,,,,,,
1002,3,18:15,FLA,VGK,right,faceoff,13.0,8478462.0,8470595.0,0.0,0.0,N,,,,,,,,,,,,,,,,,,,,,,,,,,
1003,3,18:29,FLA,VGK,right,shot-on-goal,54.0,,,-30.0,-35.0,O,,,,8479980.0,,,wrist,8475683.0,31.0,29.0,,,,,,,,,,,,,,,,
930,3,18:35,FLA,VGK,right,hit,13.0,,,-96.0,-2.0,D,8479372.0,8478434.0,,,,,,,,,,,,,,,,,,,,,,,,
931,3,19:09,FLA,VGK,right,takeaway,13.0,,,23.0,36.0,N,,,,,,8478055.0,,,,,,,,,,,,,,,,,,,,
932,3,19:16,FLA,VGK,right,hit,13.0,,,94.0,-31.0,O,8482113.0,8475188.0,,,,,,,,,,,,,,,,,,,,,,,,
1005,3,19:34,FLA,VGK,right,shot-on-goal,13.0,,,71.0,-11.0,O,,,,8478400.0,,,tip-in,8478499.0,32.0,29.0,,,,,,,,,,,,,,,,
1006,3,19:59,FLA,VGK,right,shot-on-goal,13.0,,,-4.0,1.0,N,,,,8477932.0,,,wrist,8478499.0,33.0,29.0,,,,,,,,,,,,,,,,
933,3,20:00,FLA,VGK,right,period-end,,,,,,,,,,,,,,,,,,,,,,,,,,,,,,,,
937,3,20:00,FLA,VGK,right,game-end,,,,,,,,,,,,,,,,,,,,,,,,,,,,,,,,
