3,199,9,-22,0,0,Hit
2,902,17,-10,1,0,Hit
1,557,-3,4,-4,1,Blocked Shot
3,595,-31,-2,-2,0,Hit
2,196,42,-2,-4,1,Blocked Shot
2,143,-58,-45,-5,0,Hit
1,627,-57,49,3,6,Goal
1,1181,-4,46,0,6,Goal
1,524,-94,14,3,1,Blocked Shot
1,649,-97,8,-2,6,Goal
1,784,-70,-32,0,6,Goal
2,585,50,-34,-2,0,Hit
2,913,88,-15,0,1,Blocked Shot
3,1155,98,23,2,4,Shot on Goal
3,325,99,-32,-1,0,Hit
1,1140,-65,1,0,6,Goal
1,906,-17,47,-4,0,Hit
2,629,74,32,1,0,Hit
1,154,61,-41,4,1,Blocked Shot
2,95,80,40,3,1,Blocked Shot
2,520,12,-43,-5,0,Hit
3,745,-52,22,1,0,Hit
2,90,-61,-12,0,5,Missed Shot
3,98,-33,-20,1,0,Hit
2,743,25,13,-3,0,Hit
3,1130,77,44,2,4,Shot on Goal
2,579,94,-2,1,1,Blocked Shot
1,1021,81,48,0,6,Goal
3,274,-11,-10,-4,0,Hit
3,830,-3,-1,-4,4,Shot on Goal
2,880,77,8,-3,0,Hit
3,677,17,45,-2,4,Shot on Goal
3,853,54,39,-4,4,Shot on Goal
1,211,-5,-23,1,1,Blocked Shot
1,569,90,22,-2,1,Blocked Shot
2,788,-63,-49,4,0,Hit
3,449,-24,14,-4,5,Missed Shot
2,639,36,-23,1,0,Hit
1,190,37,42,2,2,Takeaway
1,465,31,-47,-2,1,Blocked Shot
3,323,-16,-9,-5,0,Hit
2,0,-27,11,1,1,Blocked Shot
3,52,-69,5,4,0,Hit
3,901,86,10,2,4,Shot on Goal
3,26,-22,18,-1,0,Hit
1,237,54,-12,-4,1,Blocked Shot
3,205,33,-9,4,0,Hit
1,651,41,-41,3,6,Goal
3,733,-72,-21,4,0,Hit
3,498,-33,-34,1,0,Hit
1,693,49,-16,-1,6,Goal
2,795,6,-18,1,0,Hit
3,1122,26,0,-3,4,Shot on Goal
1,824,25,-13,3,6,Goal
1,72,43,-23,4,1,Blocked Shot
2,785,78,47,4,0,Hit
2,876,55,30,3,1,Blocked Shot
3,861,-67,11,3,0,Hit
2,1168,89,-39,-4,1,Blocked Shot
3,294,-34,-17,1,0,Hit
1,309,0,25,1,6,Goal
3,171,57,42,1,0,Hit
1,521,46,36,1,6,Goal
3,740,-52,41,4,0,Hit
3,198,29,4,1,1,Blocked Shot
2,1097,-42,-7,3,0,Hit
2,699,-58,-11,-5,4,Shot on Goal
1,183,2,-29,1,1,Blocked Shot
1,646,-40,48,-3,1,Blocked Shot
1,531,11,2,-2,3,Giveaway
3,605,-25,1,0,0,Hit
1,652,-98,-32,1,6,Goal
1,729,41,-45,2,6,Goal
3,80,43,-28,0,0,Hit
1,242,-59,7,-1,2,Takeaway
1,35,87,9,3,1,Blocked Shot
2,252,0,-25,3,1,Blocked Shot
2,731,42,37,1,0,Hit
2,1171,28,6,-4,1,Blocked Shot
1,921,-49,0,-4,0,Hit
1,938,98,34,-5,1,Blocked Shot
2,550,78,-8,4,1,Blocked Shot
3,656,-54,-2,-3,0,Hit
3,421,-63,12,-5,0,Hit
3,1094,12,-9,-3,4,Shot on Goal
3,505,-51,23,-5,0,Hit
2,413,23,40,-4,1,Blocked Shot
2,428,21,20,-3,1,Blocked Shot
3,138,80,-18,-4,0,Hit
2,891,-17,-38,-1,6,Goal
2,103,2,11,1,1,Blocked Shot
1,768,-78,-48,1,6,Goal
2,318,46,-24,1,0,Hit
1,523,-54,42,2,6,Goal
3,796,-21,-29,-4,4,Shot on Goal
3,1188,21,-4,2,0,Hit
1,213,67,-42,4,1,Blocked Shot
2,1062,37,33,-5,5,Missed Shot
1,1110,16,-27,-5,0,Hit
1,518,-98,-50,-4,1,Blocked Shot
2,216,-84,-42,-1,1,Blocked Shot
3,498,-24,-38,0,0,Hit
1,1067,-22,34,-5,0,Hit
1,53,52,-40,-3,1,Blocked Shot
2,769,-54,45,2,0,Hit
1,600,50,20,-2,3,Giveaway
2,375,3,-39,4,1,Blocked Shot
2,111,51,-36,-1,1,Blocked Shot
3,68,-73,-48,-5,1,Blocked Shot
1,989,33,25,1,6,Goal
3,1111,-61,-36,4,0,Hit
3,433,-2,-3,4,6,Goal
1,391,-29,19,4,6,Goal
3,816,60,-19,0,4,Shot on Goal
2,556,29,-30,-1,0,Hit
1,262,42,-45,-4,1,Blocked Shot
1,1038,38,-37,-4,0,Hit
2,682,94,28,-4,0,Hit
2,590,-34,-42,-1,0,Hit
3,549,-91,35,-3,0,Hit
2,691,-48,-23,-5,0,Hit
2,765,-48,17,-4,0,Hit
3,898,-67,12,1,0,Hit
1,1054,-92,-44,-5,0,Hit
1,678,57,-38,-4,1,Blocked Shot
1,30,7,25,1,1,Blocked Shot
2,564,-14,-23,3,0,Hit
2,592,94,-15,3,0,Hit
1,586,-53,-43,-2,1,Blocked Shot
3,281,80,9,0,0,Hit
1,558,23,-36,-3,1,Blocked Shot
3,411,-59,-30,2,0,Hit
3,416,-54,25,0,0,Hit
3,522,-38,-15,-5,0,Hit
1,78,35,8,-1,1,Blocked Shot
3,432,49,11,-2,0,Hit
2,1153,17,35,4,0,Hit
1,998,51,-5,2,6,Goal
2,1088,-12,33,3,0,Hit
1,561,-75,-5,0,6,Goal
1,701,-7,-50,-4,1,Blocked Shot
3,690,67,-32,0,4,Shot on Goal
3,225,5,-11,2,6,Goal
1,944,44,-46,-2,6,Goal
3,1110,-73,-12,-4,4,Shot on Goal
2,220,12,-38,2,1,Blocked Shot
3,977,2,-46,4,0,Hit
3,221,22,27,2,0,Hit
3,552,55,-19,-5,0,Hit
1,992,-72,-43,3,6,Goal
1,373,-31,41,1,6,Goal
2,949,-92,-12,1,0,Hit
2,1197,76,-46,-5,6,Goal
3,363,-51,46,-5,0,Hit
2,919,60,-38,-1,6,Goal
2,387,-94,42,4,0,Hit
3,64,51,-10,3,0,Hit
1,805,20,-23,0,6,Goal
1,33,-6,2,-3,1,Blocked Shot
3,865,92,24,4,4,Shot on Goal
1,607,-93,-2,-3,0,Hit
1,1190,-65,13,-5,0,Hit
1,1062,-24,-13,-1,6,Goal
1,527,8,-49,-2,1,Blocked Shot
2,540,19,-48,-1,0,Hit
2,115,-37,-31,-3,1,Blocked Shot
1,871,63,7,-1,6,Goal
1,225,-80,-45,1,1,Blocked Shot
1,677,-64,47,3,6,Goal
1,1192,22,44,3,5,Missed Shot
3,612,9,12,-3,2,Takeaway
1,108,-42,-49,0,1,Blocked Shot
2,279,-15,-7,2,0,Hit
3,1012,-92,-28,0,4,Shot on Goal
1,723,2,-40,0,6,Goal
2,579,69,8,1,0,Hit
3,1087,65,-47,3,0,Hit
1,1015,-37,-5,3,6,Goal
1,91,29,-11,-2,1,Blocked Shot
2,65,73,-9,-4,1,Blocked Shot
3,683,80,24,4,1,Blocked Shot
2,772,-66,-20,-4,0,Hit
3,570,-87,34,2,0,Hit
1,1025,65,21,4,6,Goal
2,112,-33,-42,-4,0,Hit
3,1074,-28,49,-1,4,Shot on Goal
2,793,15,-12,4,0,Hit
2,502,14,-19,3,0,Hit
1,1109,90,-12,-1,6,Goal
2,685,-57,19,-3,0,Hit
2,530,-79,-14,-4,0,Hit
1,1060,-96,34,4,6,Goal
3,761,-42,-12,-4,4,Shot on Goal
2,91,71,38,-2,1,Blocked Shot
1,948,75,15,-2,6,Goal
3,90,10,15,-2,0,Hit
3,880,-77,-27,0,4,Shot on Goal
1,759,-91,1,2,6,Goal
3,145,-25,-4,1,4,Shot on Goal
2,1034,-34,-15,0,0,Hit
2,393,-59,-36,-4,1,Blocked Shot
3,843,-98,4,3,0,Hit
2,591,-85,30,1,0,Hit
3,651,66,-38,-4,0,Hit
2,892,-64,30,0,0,Hit
3,403,-47,-4,-5,0,Hit
3,236,-67,-49,1,0,Hit
1,963,-84,18,-2,0,Hit
2,1121,55,-13,2,0,Hit
2,895,83,28,-1,0,Hit
2,442,-10,-26,-1,0,Hit
2,1149,7,-38,-2,0,Hit
1,858,-83,16,4,6,Goal
3,139,92,0,-1,0,Hit
2,996,-29,36,2,0,Hit
3,363,81,-5,0,0,Hit
3,112,61,-26,-3,0,Hit
3,599,-85,-24,0,5,Missed Shot
2,4,55,-33,3,5,Missed Shot
2,543,17,-29,4,0,Hit
1,115,-2,19,-1,1,Blocked Shot
2,875,-2,-14,-4,2,Takeaway
2,44,32,-1,-1,1,Blocked Shot
1,442,68,31,0,1,Blocked Shot
2,1169,-80,-27,-5,0,Hit
1,551,-45,14,-5,1,Blocked Shot
1,313,-52,7,4,1,Blocked Shot
1,1102,38,-18,3,6,Goal
1,376,51,17,-1,1,Blocked Shot
1,225,-46,-10,3,1,Blocked Shot
1,111,81,11,4,6,Goal
1,437,81,-45,2,6,Goal
2,1000,52,27,0,1,Blocked Shot
1,373,6,47,-4,1,Blocked Shot
1,4,-91,15,4,1,Blocked Shot
2,1012,84,-26,-5,0,Hit
2,149,-94,31,-4,6,Goal
2,340,-77,33,4,6,Goal
3,700,-86,-27,-5,0,Hit
1,928,88,-21,4,6,Goal
3,397,-88,-28,0,3,Giveaway
1,1062,97,6,-4,1,Blocked Shot
1,198,-84,7,4,1,Blocked Shot
2,544,-88,20,-3,0,Hit
1,16,-45,-50,-5,1,Blocked Shot
3,666,71,-42,-5,0,Hit
1,898,58,-13,-2,6,Goal
1,683,77,3,1,6,Goal
3,1114,-38,-11,-3,4,Shot on Goal
2,732,22,24,1,1,Blocked Shot
3,594,40,-21,3,0,Hit
3,550,5,-37,1,5,Missed Shot
2,965,36,-42,-5,6,Goal
1,196,22,-30,-1,1,Blocked Shot
1,580,15,39,3,6,Goal
3,883,78,10,-1,4,Shot on Goal
1,986,-77,44,-2,0,Hit
2,592,-51,22,-3,0,Hit
1,1028,42,-11,0,6,Goal
2,902,54,29,3,1,Blocked Shot
1,1189,-11,42,3,6,Goal
3,880,27,-48,-5,4,Shot on Goal
1,1100,49,-24,0,6,Goal
1,418,-12,33,-1,1,Blocked Shot
1,308,-75,-49,-5,1,Blocked Shot
1,333,-97,20,-1,1,Blocked Shot
3,464,15,-15,-5,0,Hit
2,671,-71,-32,-5,0,Hit
2,188,53,26,-3,1,Blocked Shot
2,1059,41,-36,2,0,Hit
2,363,66,-21,-4,1,Blocked Shot
3,963,21,-32,1,5,Missed Shot
3,301,-23,-47,1,0,Hit
3,313,-86,16,2,3,Giveaway
1,208,-86,3,1,5,Missed Shot
3,379,26,31,-5,0,Hit
1,1078,14,33,-3,0,Hit
2,5,-79,27,-1,1,Blocked Shot
1,35,-40,30,3,6,Goal
2,370,-6,-44,2,1,Blocked Shot
3,184,30,-35,-4,1,Blocked Shot
3,976,-22,36,2,2,Takeaway
2,796,17,46,1,1,Blocked Shot
1,703,-69,-42,4,6,Goal
1,566,85,-8,-1,1,Blocked Shot
2,915,76,25,3,1,Blocked Shot
2,1053,58,47,4,1,Blocked Shot
1,928,85,30,0,6,Goal
1,566,72,24,-2,1,Blocked Shot
2,252,-99,39,-5,0,Hit
1,633,7,-22,-5,1,Blocked Shot
3,48,-9,11,3,4,Shot on Goal
3,540,74,-1,0,4,Shot on Goal
1,1087,-47,-50,2,6,Goal
1,181,-49,18,1,1,Blocked Shot
3,160,19,40,-5,0,Hit
2,584,95,-43,-2,1,Blocked Shot
1,1079,-80,11,2,6,Goal
1,366,-40,-14,-1,1,Blocked Shot
2,227,97,-10,0,1,Blocked Shot
1,109,19,-49,-4,1,Blocked Shot
3,32,95,19,3,0,Hit
2,330,75,16,2,1,Blocked Shot
2,231,-37,-4,4,6,Goal
1,42,-97,-11,0,1,Blocked Shot
2,203,-70,2,-5,1,Blocked Shot
3,830,-43,12,3,0,Hit
3,1147,-39,44,2,0,Hit
2,319,71,-2,-2,1,Blocked Shot
2,1112,-47,-11,4,0,Hit
3,398,-42,46,2,0,Hit
2,658,-42,-45,-3,0,Hit
Period,Time,X Coord,Y Coord,Score Diff,Action,Action Name
3,199,9,-22,0,0,Hit
2,902,17,-10,1,0,Hit
1,557,-3,4,-4,1,Blocked Shot
3,595,-31,-2,-2,0,Hit
2,196,42,-2,-4,1,Blocked Shot
2,143,-58,-45,-5,0,Hit
1,627,-57,49,3,6,Goal
1,1181,-4,46,0,6,Goal
1,524,-94,14,3,1,Blocked Shot
1,649,-97,8,-2,6,Goal
1,784,-70,-32,0,6,Goal
2,585,50,-34,-2,0,Hit
2,913,88,-15,0,1,Blocked Shot
3,1155,98,23,2,4,Shot on Goal
3,325,99,-32,-1,0,Hit
1,1140,-65,1,0,6,Goal
1,906,-17,47,-4,0,Hit
2,629,74,32,1,0,Hit
1,154,61,-41,4,1,Blocked Shot
2,95,80,40,3,1,Blocked Shot
2,520,12,-43,-5,0,Hit
3,745,-52,22,1,0,Hit
2,90,-61,-12,0,5,Missed Shot
3,98,-33,-20,1,0,Hit
2,743,25,13,-3,0,Hit
3,1130,77,44,2,4,Shot on Goal
2,579,94,-2,1,1,Blocked Shot
1,1021,81,48,0,6,Goal
3,274,-11,-10,-4,0,Hit
3,830,-3,-1,-4,4,Shot on Goal
2,880,77,8,-3,0,Hit
3,677,17,45,-2,4,Shot on Goal
3,853,54,39,-4,4,Shot on Goal
1,211,-5,-23,1,1,Blocked Shot
1,569,90,22,-2,1,Blocked Shot
2,788,-63,-49,4,0,Hit
3,449,-24,14,-4,5,Missed Shot
2,639,36,-23,1,0,Hit
1,190,37,42,2,2,Takeaway
1,465,31,-47,-2,1,Blocked Shot
3,323,-16,-9,-5,0,Hit
2,0,-27,11,1,1,Blocked Shot
3,52,-69,5,4,0,Hit
3,901,86,10,2,4,Shot on Goal
3,26,-22,18,-1,0,Hit
1,237,54,-12,-4,1,Blocked Shot
3,205,33,-9,4,0,Hit
1,651,41,-41,3,6,Goal
3,733,-72,-21,4,0,Hit
3,498,-33,-34,1,0,Hit
1,693,49,-16,-1,6,Goal
2,795,6,-18,1,0,Hit
3,1122,26,0,-3,4,Shot on Goal
1,824,25,-13,3,6,Goal
1,72,43,-23,4,1,Blocked Shot
2,785,78,47,4,0,Hit
2,876,55,30,3,1,Blocked Shot
3,861,-67,11,3,0,Hit
2,1168,89,-39,-4,1,Blocked Shot
3,294,-34,-17,1,0,Hit
1,309,0,25,1,6,Goal
3,171,57,42,1,0,Hit
1,521,46,36,1,6,Goal
3,740,-52,41,4,0,Hit
3,198,29,4,1,1,Blocked Shot
2,1097,-42,-7,3,0,Hit
2,699,-58,-11,-5,4,Shot on Goal
1,183,2,-29,1,1,Blocked Shot
1,646,-40,48,-3,1,Blocked Shot
1,531,11,2,-2,3,Giveaway
3,605,-25,1,0,0,Hit
1,652,-98,-32,1,6,Goal
1,729,41,-45,2,6,Goal
3,80,43,-28,0,0,Hit
1,242,-59,7,-1,2,Takeaway
1,35,87,9,3,1,Blocked Shot
2,252,0,-25,3,1,Blocked Shot
2,731,42,37,1,0,Hit
2,1171,28,6,-4,1,Blocked Shot
1,921,-49,0,-4,0,Hit
1,938,98,34,-5,1,Blocked Shot
2,550,78,-8,4,1,Blocked Shot
3,656,-54,-2,-3,0,Hit
3,421,-63,12,-5,0,Hit
3,1094,12,-9,-3,4,Shot on Goal
3,505,-51,23,-5,0,Hit
2,413,23,40,-4,1,Blocked Shot
2,428,21,20,-3,1,Blocked Shot
3,138,80,-18,-4,0,Hit
2,891,-17,-38,-1,6,Goal
2,103,2,11,1,1,Blocked Shot
1,768,-78,-48,1,6,Goal
2,318,46,-24,1,0,Hit
1,523,-54,42,2,6,Goal
3,796,-21,-29,-4,4,Shot on Goal
3,1188,21,-4,2,0,Hit
1,213,67,-42,4,1,Blocked Shot
2,1062,37,33,-5,5,Missed Shot
1,1110,16,-27,-5,0,Hit
1,518,-98,-50,-4,1,Blocked Shot
2,216,-84,-42,-1,1,Blocked Shot
3,498,-24,-38,0,0,Hit
1,1067,-22,34,-5,0,Hit
1,53,52,-40,-3,1,Blocked Shot
2,769,-54,45,2,0,Hit
1,600,50,20,-2,3,Giveaway
2,375,3,-39,4,1,Blocked Shot
2,111,51,-36,-1,1,Blocked Shot
3,68,-73,-48,-5,1,Blocked Shot
1,989,33,25,1,6,Goal
3,1111,-61,-36,4,0,Hit
3,433,-2,-3,4,6,Goal
1,391,-29,19,4,6,Goal
3,816,60,-19,0,4,Shot on Goal
2,556,29,-30,-1,0,Hit
1,262,42,-45,-4,1,Blocked Shot
1,1038,38,-37,-4,0,Hit
2,682,94,28,-4,0,Hit
2,590,-34,-42,-1,0,Hit
3,549,-91,35,-3,0,Hit
2,691,-48,-23,-5,0,Hit
2,765,-48,17,-4,0,Hit
3,898,-67,12,1,0,Hit
1,1054,-92,-44,-5,0,Hit
1,678,57,-38,-4,1,Blocked Shot
1,30,7,25,1,1,Blocked Shot
2,564,-14,-23,3,0,Hit
2,592,94,-15,3,0,Hit
1,586,-53,-43,-2,1,Blocked Shot
3,281,80,9,0,0,Hit
1,558,23,-36,-3,1,Blocked Shot
3,411,-59,-30,2,0,Hit
3,416,-54,25,0,0,Hit
3,522,-38,-15,-5,0,Hit
1,78,35,8,-1,1,Blocked Shot
3,432,49,11,-2,0,Hit
2,1153,17,35,4,0,Hit
1,998,51,-5,2,6,Goal
2,1088,-12,33,3,0,Hit
1,561,-75,-5,0,6,Goal
1,701,-7,-50,-4,1,Blocked Shot
3,690,67,-32,0,4,Shot on Goal
3,225,5,-11,2,6,Goal
1,944,44,-46,-2,6,Goal
3,1110,-73,-12,-4,4,Shot on Goal
2,220,12,-38,2,1,Blocked Shot
3,977,2,-46,4,0,Hit
3,221,22,27,2,0,Hit
3,552,55,-19,-5,0,Hit
1,992,-72,-43,3,6,Goal
1,373,-31,41,1,6,Goal
2,949,-92,-12,1,0,Hit
2,1197,76,-46,-5,6,Goal
3,363,-51,46,-5,0,Hit
2,919,60,-38,-1,6,Goal
2,387,-94,42,4,0,Hit
3,64,51,-10,3,0,Hit
1,805,20,-23,0,6,Goal
1,33,-6,2,-3,1,Blocked Shot
3,865,92,24,4,4,Shot on Goal
1,607,-93,-2,-3,0,Hit
1,1190,-65,13,-5,0,Hit
1,1062,-24,-13,-1,6,Goal
1,527,8,-49,-2,1,Blocked Shot
2,540,19,-48,-1,0,Hit
2,115,-37,-31,-3,1,Blocked Shot
1,871,63,7,-1,6,Goal
1,225,-80,-45,1,1,Blocked Shot
1,677,-64,47,3,6,Goal
1,1192,22,44,3,5,Missed Shot
3,612,9,12,-3,2,Takeaway
1,108,-42,-49,0,1,Blocked Shot
2,279,-15,-7,2,0,Hit
3,1012,-92,-28,0,4,Shot on Goal
1,723,2,-40,0,6,Goal
2,579,69,8,1,0,Hit
3,1087,65,-47,3,0,Hit
1,1015,-37,-5,3,6,Goal
1,91,29,-11,-2,1,Blocked Shot
2,65,73,-9,-4,1,Blocked Shot
3,683,80,24,4,1,Blocked Shot
2,772,-66,-20,-4,0,Hit
3,570,-87,34,2,0,Hit
1,1025,65,21,4,6,Goal
2,112,-33,-42,-4,0,Hit
3,1074,-28,49,-1,4,Shot on Goal
2,793,15,-12,4,0,Hit
2,502,14,-19,3,0,Hit
1,1109,90,-12,-1,6,Goal
2,685,-57,19,-3,0,Hit
2,530,-79,-14,-4,0,Hit
1,1060,-96,34,4,6,Goal
3,761,-42,-12,-4,4,Shot on Goal
2,91,71,38,-2,1,Blocked Shot
1,948,75,15,-2,6,Goal
3,90,10,15,-2,0,Hit
3,880,-77,-27,0,4,Shot on Goal
1,759,-91,1,2,6,Goal
3,145,-25,-4,1,4,Shot on Goal
2,1034,-34,-15,0,0,Hit
2,393,-59,-36,-4,1,Blocked Shot
3,843,-98,4,3,0,Hit
2,591,-85,30,1,0,Hit
3,651,66,-38,-4,0,Hit
2,892,-64,30,0,0,Hit
3,403,-47,-4,-5,0,Hit
3,236,-67,-49,1,0,Hit
1,963,-84,18,-2,0,Hit
2,1121,55,-13,2,0,Hit
2,895,83,28,-1,0,Hit
2,442,-10,-26,-1,0,Hit
2,1149,7,-38,-2,0,Hit
1,858,-83,16,4,6,Goal
3,139,92,0,-1,0,Hit
2,996,-29,36,2,0,Hit
3,363,81,-5,0,0,Hit
3,112,61,-26,-3,0,Hit
3,599,-85,-24,0,5,Missed Shot
2,4,55,-33,3,5,Missed Shot
2,543,17,-29,4,0,Hit
1,115,-2,19,-1,1,Blocked Shot
2,875,-2,-14,-4,2,Takeaway
2,44,32,-1,-1,1,Blocked Shot
1,442,68,31,0,1,Blocked Shot
2,1169,-80,-27,-5,0,Hit
1,551,-45,14,-5,1,Blocked Shot
1,313,-52,7,4,1,Blocked Shot
1,1102,38,-18,3,6,Goal
1,376,51,17,-1,1,Blocked Shot
1,225,-46,-10,3,1,Blocked Shot
1,111,81,11,4,6,Goal
1,437,81,-45,2,6,Goal
2,1000,52,27,0,1,Blocked Shot
1,373,6,47,-4,1,Blocked Shot
1,4,-91,15,4,1,Blocked Shot
2,1012,84,-26,-5,0,Hit
2,149,-94,31,-4,6,Goal
2,340,-77,33,4,6,Goal
3,700,-86,-27,-5,0,Hit
1,928,88,-21,4,6,Goal
3,397,-88,-28,0,3,Giveaway
1,1062,97,6,-4,1,Blocked Shot
1,198,-84,7,4,1,Blocked Shot
2,544,-88,20,-3,0,Hit
1,16,-45,-50,-5,1,Blocked Shot
3,666,71,-42,-5,0,Hit
1,898,58,-13,-2,6,Goal
1,683,77,3,1,6,Goal
3,1114,-38,-11,-3,4,Shot on Goal
2,732,22,24,1,1,Blocked Shot
3,594,40,-21,3,0,Hit
3,550,5,-37,1,5,Missed Shot
2,965,36,-42,-5,6,Goal
1,196,22,-30,-1,1,Blocked Shot
1,580,15,39,3,6,Goal
3,883,78,10,-1,4,Shot on Goal
1,986,-77,44,-2,0,Hit
2,592,-51,22,-3,0,Hit
1,1028,42,-11,0,6,Goal
2,902,54,29,3,1,Blocked Shot
1,1189,-11,42,3,6,Goal
3,880,27,-48,-5,4,Shot on Goal
1,1100,49,-24,0,6,Goal
1,418,-12,33,-1,1,Blocked Shot
1,308,-75,-49,-5,1,Blocked Shot
1,333,-97,20,-1,1,Blocked Shot
3,464,15,-15,-5,0,Hit
2,671,-71,-32,-5,0,Hit
2,188,53,26,-3,1,Blocked Shot
2,1059,41,-36,2,0,Hit
2,363,66,-21,-4,1,Blocked Shot
3,963,21,-32,1,5,Missed Shot
3,301,-23,-47,1,0,Hit
3,313,-86,16,2,3,Giveaway
1,208,-86,3,1,5,Missed Shot
3,379,26,31,-5,0,Hit
1,1078,14,33,-3,0,Hit
2,5,-79,27,-1,1,Blocked Shot
1,35,-40,30,3,6,Goal
2,370,-6,-44,2,1,Blocked Shot
3,184,30,-35,-4,1,Blocked Shot
3,976,-22,36,2,2,Takeaway
2,796,17,46,1,1,Blocked Shot
1,703,-69,-42,4,6,Goal
1,566,85,-8,-1,1,Blocked Shot
2,915,76,25,3,1,Blocked Shot
2,1053,58,47,4,1,Blocked Shot
1,928,85,30,0,6,Goal
1,566,72,24,-2,1,Blocked Shot
2,252,-99,39,-5,0,Hit
1,633,7,-22,-5,1,Blocked Shot
3,48,-9,11,3,4,Shot on Goal
3,540,74,-1,0,4,Shot on Goal
1,1087,-47,-50,2,6,Goal
1,181,-49,18,1,1,Blocked Shot
3,160,19,40,-5,0,Hit
2,584,95,-43,-2,1,Blocked Shot
1,1079,-80,11,2,6,Goal
1,366,-40,-14,-1,1,Blocked Shot
2,227,97,-10,0,1,Blocked Shot
1,109,19,-49,-4,1,Blocked Shot
3,32,95,19,3,0,Hit
2,330,75,16,2,1,Blocked Shot
2,231,-37,-4,4,6,Goal
1,42,-97,-11,0,1,Blocked Shot
2,203,-70,2,-5,1,Blocked Shot
3,830,-43,12,3,0,Hit
3,1147,-39,44,2,0,Hit
2,319,71,-2,-2,1,Blocked Shot
2,1112,-47,-11,4,0,Hit
3,398,-42,46,2,0,Hit
2,658,-42,-45,-3,0,Hit
3,828,21,-10,-4,4,Shot on Goal
2,1042,78,10,-5,0,Hit
2,865,-94,-49,-3,2,Takeaway
2,257,-96,-18,1,1,Blocked Shot
1,213,12,-28,-3,1,Blocked Shot
3,1088,-33,45,3,0,Hit
1,646,65,-2,-4,1,Blocked Shot
1,280,-32,-20,-2,1,Blocked Shot
3,589,-47,-27,2,0,Hit
1,1004,-36,-45,2,6,Goal
1,653,-77,4,0,6,Goal
3,65,-97,9,4,0,Hit
3,1106,65,10,-4,4,Shot on Goal
3,783,87,47,-1,0,Hit
2,477,-63,41,-2,0,Hit
2,45,-41,12,4,6,Goal
3,369,41,-22,-1,1,Blocked Shot
3,531,-19,-43,0,0,Hit
1,580,-81,-5,2,6,Goal
1,931,8,-39,0,6,Goal
2,629,-97,36,-5,0,Hit
2,291,-77,40,-3,0,Hit
2,266,71,-5,-1,4,Shot on Goal
3,514,98,1,-2,0,Hit
2,689,44,34,-5,0,Hit
3,320,99,-29,-5,0,Hit
1,1153,-14,39,2,6,Goal
3,814,78,-36,-1,4,Shot on Goal
1,1136,9,-48,-1,0,Hit
1,623,-73,-46,0,1,Blocked Shot
3,57,-18,-39,-2,0,Hit
1,696,-33,12,-4,0,Hit
2,810,12,18,0,0,Hit
1,540,18,-30,0,4,Shot on Goal
2,1196,58,18,-2,1,Blocked Shot
1,246,-69,27,-3,1,Blocked Shot
1,132,-33,21,-1,1,Blocked Shot
2,1059,-29,-37,0,0,Hit
1,679,-34,-3,-1,6,Goal
3,1059,98,-31,-5,4,Shot on Goal
2,451,-30,-5,3,1,Blocked Shot
2,946,-66,12,-4,0,Hit
3,340,-43,37,-4,0,Hit
3,333,67,-11,-1,0,Hit
2,1124,94,-20,1,1,Blocked Shot
2,787,-73,-3,0,0,Hit
3,29,-44,-35,-4,1,Blocked Shot
1,303,6,-28,-2,1,Blocked Shot
3,24,7,37,3,0,Hit
3,1100,49,1,1,6,Goal
1,606,-84,-30,0,6,Goal
1,984,-90,-43,4,6,Goal
2,619,1,-48,-2,0,Hit
2,136,-85,5,-5,1,Blocked Shot
2,971,-6,39,4,1,Blocked Shot
1,615,51,5,2,6,Goal
1,407,29,1,-3,1,Blocked Shot
3,299,39,-40,4,4,Shot on Goal
3,167,-52,-41,-2,0,Hit
2,378,88,3,0,1,Blocked Shot
1,40,3,-20,4,1,Blocked Shot
3,297,-71,18,-5,0,Hit
3,665,-97,19,0,4,Shot on Goal
2,379,-71,-24,-5,1,Blocked Shot
1,482,11,-28,-4,1,Blocked Shot
1,722,-79,-40,0,6,Goal
1,303,-81,49,-4,1,Blocked Shot
3,539,-20,-16,3,0,Hit
3,1073,-2,-20,2,0,Hit
2,230,72,18,-1,1,Blocked Shot
2,659,-38,-23,-4,0,Hit
2,1008,-67,4,3,5,Missed Shot
3,490,80,-49,2,0,Hit
2,1138,8,-31,-2,0,Hit
2,443,11,35,-2,0,Hit
1,5,-67,33,-1,1,Blocked Shot
2,145,56,-40,4,1,Blocked Shot
3,223,-47,-49,-3,0,Hit
2,31,-89,-20,-4,1,Blocked Shot
1,393,-16,20,-2,1,Blocked Shot
1,567,-76,-29,-3,1,Blocked Shot
2,413,56,-37,1,1,Blocked Shot
2,712,68,-36,0,0,Hit
1,590,94,1,4,6,Goal
2,413,-25,-50,4,1,Blocked Shot
3,449,-34,-5,-1,0,Hit
2,1136,58,23,0,2,Takeaway
1,419,42,-23,2,6,Goal
3,335,96,-28,4,0,Hit
1,1195,84,-2,3,6,Goal
2,364,21,-15,0,0,Hit
3,217,8,-18,-3,2,Takeaway
3,192,86,-10,-4,0,Hit
1,896,-31,-24,-4,0,Hit
1,1019,-100,39,3,5,Missed Shot
2,639,57,38,-1,0,Hit
1,743,12,39,0,6,Goal
2,797,10,32,-1,1,Blocked Shot
1,230,97,31,-5,1,Blocked Shot
1,752,60,-17,-4,1,Blocked Shot
1,291,-61,-2,1,1,Blocked Shot
2,415,55,-44,1,1,Blocked Shot
2,202,-92,20,-1,1,Blocked Shot
3,163,50,-17,-2,0,Hit
3,432,-43,-39,-2,0,Hit
2,1012,-100,45,2,0,Hit
3,1082,49,31,2,4,Shot on Goal
1,959,-4,35,2,6,Goal
1,342,-75,-11,1,5,Missed Shot
3,72,-67,7,-3,0,Hit
1,760,95,32,4,2,Takeaway
3,1026,86,18,-2,4,Shot on Goal
1,389,92,-42,0,1,Blocked Shot
3,32,-54,16,-1,0,Hit
1,624,46,-48,-1,1,Blocked Shot
3,656,-85,40,4,0,Hit
1,599,97,-38,-5,1,Blocked Shot
1,652,40,-26,4,6,Goal
2,90,-58,26,-3,1,Blocked Shot
2,183,62,45,0,1,Blocked Shot
3,106,-43,29,-3,0,Hit
3,725,77,-43,-5,0,Hit
3,34,9,22,-1,0,Hit
3,1174,-52,41,2,0,Hit
3,628,69,-18,3,4,Shot on Goal
1,616,-64,1,4,6,Goal
1,876,-22,-1,-3,0,Hit
3,1017,-69,-38,-4,4,Shot on Goal
3,1045,16,-22,3,0,Hit
3,99,12,6,-3,0,Hit
1,295,-65,49,0,1,Blocked Shot
3,975,-55,13,-2,4,Shot on Goal
2,743,27,-42,3,0,Hit
3,501,52,-38,-1,0,Hit
2,382,30,-2,3,0,Hit
1,835,66,2,-1,6,Goal
1,710,69,-36,4,6,Goal
1,1150,-57,-15,-2,0,Hit
3,483,-98,31,-3,0,Hit
3,503,14,-39,-5,0,Hit
3,1070,81,-12,3,4,Shot on Goal
1,666,-42,43,4,6,Goal
1,523,-65,11,-4,0,Hit
1,252,-65,-35,-5,1,Blocked Shot
2,36,68,10,4,1,Blocked Shot
2,1132,-4,13,-3,0,Hit
3,146,-60,-28,4,0,Hit
1,678,-89,33,4,6,Goal
3,56,-21,20,-3,1,Blocked Shot
2,856,-14,36,-4,0,Hit
2,1074,-26,-13,3,0,Hit
2,600,-6,36,-4,0,Hit
2,928,57,30,0,0,Hit
3,731,-92,-7,-1,4,Shot on Goal
2,614,-87,3,2,0,Hit
3,195,-86,37,-1,0,Hit
1,1157,52,20,1,6,Goal
3,238,-98,2,-4,0,Hit
2,265,16,-16,0,1,Blocked Shot
3,6,38,-16,0,0,Hit
2,421,-68,0,-1,1,Blocked Shot
2,816,85,-34,-5,0,Hit
1,970,61,36,-4,6,Goal
1,393,26,-40,-2,1,Blocked Shot
2,991,-21,-32,-2,0,Hit
1,293,-53,-20,-4,1,Blocked Shot
3,192,-16,4,0,0,Hit
3,901,58,-3,-2,4,Shot on Goal
2,946,-57,37,1,0,Hit
2,953,75,-21,-3,1,Blocked Shot
3,483,-18,-11,-3,0,Hit
1,614,-25,-11,4,6,Goal
2,70,-56,-21,2,6,Goal
3,394,99,-16,-3,0,Hit
2,826,-83,-40,-4,0,Hit
1,1060,-95,25,-3,0,Hit
1,123,-54,-3,3,1,Blocked Shot
2,1069,2,20,-3,0,Hit
2,123,-27,28,3,1,Blocked Shot
3,438,78,-29,-5,0,Hit
1,285,-83,-46,-4,1,Blocked Shot
1,694,97,0,2,6,Goal
1,110,-59,37,-2,1,Blocked Shot
3,572,-43,-15,2,0,Hit
3,1122,70,30,2,4,Shot on Goal
1,549,41,7,-2,1,Blocked Shot
1,15,-58,1,-1,6,Goal
1,898,71,-21,-3,6,Goal
1,441,-62,15,4,6,Goal
2,1095,77,15,-2,0,Hit
1,690,89,22,-5,1,Blocked Shot
3,587,-63,-41,-5,0,Hit
3,867,-42,-26,-3,4,Shot on Goal
1,690,-81,17,-1,0,Hit
1,288,-38,-47,-5,1,Blocked Shot
1,458,-26,1,-2,1,Blocked Shot
1,463,-71,-11,-1,1,Blocked Shot
2,802,21,7,-2,1,Blocked Shot
1,679,65,-9,-4,1,Blocked Shot
3,1130,-32,-24,-5,4,Shot on Goal
2,550,62,49,-4,1,Blocked Shot
1,668,20,44,-4,1,Blocked Shot
3,553,-77,-42,3,0,Hit
2,466,-56,32,3,1,Blocked Shot
2,881,7,47,2,5,Missed Shot
1,1042,-72,-46,-3,0,Hit
3,1012,96,-40,-2,4,Shot on Goal
1,471,16,-46,2,6,Goal
2,1032,-60,-48,4,0,Hit
1,317,-18,-23,-4,1,Blocked Shot
1,118,-93,-17,0,1,Blocked Shot
1,577,44,5,-5,1,Blocked Shot
3,536,93,-4,1,0,Hit
2,250,-47,-50,-5,0,Hit
2,281,-95,-28,-4,1,Blocked Shot
1,1098,-19,-48,4,6,Goal
1,587,-4,-14,-2,1,Blocked Shot
2,695,-10,21,3,1,Blocked Shot
3,554,-29,-36,-4,0,Hit
3,1002,35,-39,3,0,Hit
2,155,-32,0,-4,1,Blocked Shot
2,344,7,8,1,0,Hit
3,671,-69,24,1,0,Hit
2,491,97,-33,0,0,Hit
2,50,61,10,2,1,Blocked Shot
3,263,78,-26,-2,0,Hit
3,395,-27,-40,4,0,Hit
3,996,-6,-17,-3,4,Shot on Goal
3,641,-1,27,4,0,Hit
2,746,-49,-18,-1,0,Hit
1,110,79,32,-3,5,Missed Shot
3,648,-19,47,-5,0,Hit
3,833,-60,16,3,0,Hit
2,912,39,31,0,1,Blocked Shot
2,491,-20,49,-5,1,Blocked Shot
2,1068,76,-49,-2,0,Hit
1,424,-18,14,2,2,Takeaway
2,720,-6,-48,2,0,Hit
2,295,56,-48,-3,1,Blocked Shot
1,396,14,24,-3,1,Blocked Shot
2,1008,74,48,0,0,Hit
2,419,-72,-18,1,1,Blocked Shot
3,907,-90,33,3,3,Giveaway
2,265,-93,42,-3,0,Hit
2,975,40,-13,-2,0,Hit
1,898,56,4,0,6,Goal
2,1178,97,-37,3,1,Blocked Shot
2,277,97,42,2,1,Blocked Shot
3,704,-74,-13,-4,0,Hit
1,668,-50,-8,-5,0,Hit
3,849,91,-18,-2,4,Shot on Goal
1,1108,-77,16,2,6,Goal
1,809,-51,26,4,6,Goal
1,424,-84,25,1,1,Blocked Shot
1,765,-8,21,4,6,Goal
2,337,11,41,-1,3,Giveaway
1,742,-67,-28,-4,0,Hit
2,75,57,-26,3,1,Blocked Shot
3,438,-20,0,4,6,Goal
3,117,-25,-17,1,0,Hit
2,127,-67,-1,-5,1,Blocked Shot
2,595,-98,49,-3,0,Hit
1,1066,-10,-48,-4,0,Hit
2,1018,-15,-24,3,0,Hit
3,174,43,11,3,0,Hit
3,569,-5,25,-3,0,Hit
2,256,-60,40,-4,5,Missed Shot
2,696,-57,12,-5,0,Hit
1,359,-52,12,-2,1,Blocked Shot
2,1061,-62,32,-3,0,Hit
2,11,38,-19,-3,1,Blocked Shot
3,186,-26,36,3,0,Hit
1,665,-46,-25,4,6,Goal
2,647,-84,36,-3,0,Hit
1,774,-77,-31,-2,0,Hit
3,226,-14,17,-4,0,Hit
3,638,44,-47,-4,4,Shot on Goal
1,301,-89,-16,1,1,Blocked Shot
3,23,66,4,2,0,Hit
3,635,77,-21,-5,6,Goal
3,914,32,-39,0,0,Hit
2,190,-96,-27,3,5,Missed Shot
1,568,91,14,1,6,Goal
1,1028,4,-21,4,6,Goal
3,192,78,45,-4,0,Hit
3,748,70,20,0,4,Shot on Goal
2,18,3,-33,-5,1,Blocked Shot
3,832,85,10,-5,4,Shot on Goal
3,1103,-57,-26,-4,6,Goal
2,187,30,15,-2,1,Blocked Shot
3,394,-15,16,-4,0,Hit
2,64,-22,18,2,1,Blocked Shot
3,480,-56,-37,-4,0,Hit
2,409,14,-42,-4,0,Hit
1,1068,24,7,-1,6,Goal
1,36,-50,29,-5,1,Blocked Shot
2,78,33,-15,-3,1,Blocked Shot
2,75,23,25,-2,1,Blocked Shot
2,955,85,24,-4,0,Hit
3,630,-4,-29,-5,0,Hit
2,159,-90,47,3,6,Goal
1,106,-18,12,0,1,Blocked Shot
3,732,82,32,-5,4,Shot on Goal
1,245,-14,12,-2,1,Blocked Shot
2,169,-56,-41,-1,1,Blocked Shot
3,557,22,16,-1,4,Shot on Goal
1,453,29,-22,-1,1,Blocked Shot
2,1039,-64,13,-3,0,Hit
3,957,-81,16,1,0,Hit
2,820,-16,-24,1,0,Hit
2,32,85,-34,3,1,Blocked Shot
3,828,21,-10,-4,4,Shot on Goal
2,1042,78,10,-5,0,Hit
2,865,-94,-49,-3,2,Takeaway
2,257,-96,-18,1,1,Blocked Shot
1,213,12,-28,-3,1,Blocked Shot
3,1088,-33,45,3,0,Hit
1,646,65,-2,-4,1,Blocked Shot
1,280,-32,-20,-2,1,Blocked Shot
3,589,-47,-27,2,0,Hit
1,1004,-36,-45,2,6,Goal
1,653,-77,4,0,6,Goal
3,65,-97,9,4,0,Hit
3,1106,65,10,-4,4,Shot on Goal
3,783,87,47,-1,0,Hit
2,477,-63,41,-2,0,Hit
2,45,-41,12,4,6,Goal
3,369,41,-22,-1,1,Blocked Shot
3,531,-19,-43,0,0,Hit
1,580,-81,-5,2,6,Goal
1,931,8,-39,0,6,Goal
2,629,-97,36,-5,0,Hit
2,291,-77,40,-3,0,Hit
2,266,71,-5,-1,4,Shot on Goal
3,514,98,1,-2,0,Hit
2,689,44,34,-5,0,Hit
3,320,99,-29,-5,0,Hit
1,1153,-14,39,2,6,Goal
3,814,78,-36,-1,4,Shot on Goal
1,1136,9,-48,-1,0,Hit
1,623,-73,-46,0,1,Blocked Shot
3,57,-18,-39,-2,0,Hit
1,696,-33,12,-4,0,Hit
2,810,12,18,0,0,Hit
1,540,18,-30,0,4,Shot on Goal
2,1196,58,18,-2,1,Blocked Shot
1,246,-69,27,-3,1,Blocked Shot
1,132,-33,21,-1,1,Blocked Shot
2,1059,-29,-37,0,0,Hit
1,679,-34,-3,-1,6,Goal
3,1059,98,-31,-5,4,Shot on Goal
2,451,-30,-5,3,1,Blocked Shot
2,946,-66,12,-4,0,Hit
3,340,-43,37,-4,0,Hit
3,333,67,-11,-1,0,Hit
2,1124,94,-20,1,1,Blocked Shot
2,787,-73,-3,0,0,Hit
3,29,-44,-35,-4,1,Blocked Shot
1,303,6,-28,-2,1,Blocked Shot
3,24,7,37,3,0,Hit
3,1100,49,1,1,6,Goal
1,606,-84,-30,0,6,Goal
1,984,-90,-43,4,6,Goal
2,619,1,-48,-2,0,Hit
2,136,-85,5,-5,1,Blocked Shot
2,971,-6,39,4,1,Blocked Shot
1,615,51,5,2,6,Goal
1,407,29,1,-3,1,Blocked Shot
3,299,39,-40,4,4,Shot on Goal
3,167,-52,-41,-2,0,Hit
2,378,88,3,0,1,Blocked Shot
1,40,3,-20,4,1,Blocked Shot
3,297,-71,18,-5,0,Hit
3,665,-97,19,0,4,Shot on Goal
2,379,-71,-24,-5,1,Blocked Shot
1,482,11,-28,-4,1,Blocked Shot
1,722,-79,-40,0,6,Goal
1,303,-81,49,-4,1,Blocked Shot
3,539,-20,-16,3,0,Hit
3,1073,-2,-20,2,0,Hit
2,230,72,18,-1,1,Blocked Shot
2,659,-38,-23,-4,0,Hit
2,1008,-67,4,3,5,Missed Shot
3,490,80,-49,2,0,Hit
2,1138,8,-31,-2,0,Hit
2,443,11,35,-2,0,Hit
1,5,-67,33,-1,1,Blocked Shot
2,145,56,-40,4,1,Blocked Shot
3,223,-47,-49,-3,0,Hit
2,31,-89,-20,-4,1,Blocked Shot
1,393,-16,20,-2,1,Blocked Shot
1,567,-76,-29,-3,1,Blocked Shot
2,413,56,-37,1,1,Blocked Shot
2,712,68,-36,0,0,Hit
1,590,94,1,4,6,Goal
2,413,-25,-50,4,1,Blocked Shot
3,449,-34,-5,-1,0,Hit
2,1136,58,23,0,2,Takeaway
1,419,42,-23,2,6,Goal
3,335,96,-28,4,0,Hit
1,1195,84,-2,3,6,Goal
2,364,21,-15,0,0,Hit
3,217,8,-18,-3,2,Takeaway
3,192,86,-10,-4,0,Hit
1,896,-31,-24,-4,0,Hit
1,1019,-100,39,3,5,Missed Shot
2,639,57,38,-1,0,Hit
1,743,12,39,0,6,Goal
2,797,10,32,-1,1,Blocked Shot
1,230,97,31,-5,1,Blocked Shot
1,752,60,-17,-4,1,Blocked Shot
1,291,-61,-2,1,1,Blocked Shot
2,415,55,-44,1,1,Blocked Shot
2,202,-92,20,-1,1,Blocked Shot
3,163,50,-17,-2,0,Hit
3,432,-43,-39,-2,0,Hit
2,1012,-100,45,2,0,Hit
3,1082,49,31,2,4,Shot on Goal
1,959,-4,35,2,6,Goal
1,342,-75,-11,1,5,Missed Shot
3,72,-67,7,-3,0,Hit
1,760,95,32,4,2,Takeaway
3,1026,86,18,-2,4,Shot on Goal
1,389,92,-42,0,1,Blocked Shot
3,32,-54,16,-1,0,Hit
1,624,46,-48,-1,1,Blocked Shot
3,656,-85,40,4,0,Hit
1,599,97,-38,-5,1,Blocked Shot
1,652,40,-26,4,6,Goal
2,90,-58,26,-3,1,Blocked Shot
2,183,62,45,0,1,Blocked Shot
3,106,-43,29,-3,0,Hit
3,725,77,-43,-5,0,Hit
3,34,9,22,-1,0,Hit
3,1174,-52,41,2,0,Hit
3,628,69,-18,3,4,Shot on Goal
1,616,-64,1,4,6,Goal
1,876,-22,-1,-3,0,Hit
3,1017,-69,-38,-4,4,Shot on Goal
3,1045,16,-22,3,0,Hit
3,99,12,6,-3,0,Hit
1,295,-65,49,0,1,Blocked Shot
3,975,-55,13,-2,4,Shot on Goal
2,743,27,-42,3,0,Hit
3,501,52,-38,-1,0,Hit
2,382,30,-2,3,0,Hit
1,835,66,2,-1,6,Goal
1,710,69,-36,4,6,Goal
1,1150,-57,-15,-2,0,Hit
3,483,-98,31,-3,0,Hit
3,503,14,-39,-5,0,Hit
3,1070,81,-12,3,4,Shot on Goal
1,666,-42,43,4,6,Goal
1,523,-65,11,-4,0,Hit
1,252,-65,-35,-5,1,Blocked Shot
2,36,68,10,4,1,Blocked Shot
2,1132,-4,13,-3,0,Hit
3,146,-60,-28,4,0,Hit
1,678,-89,33,4,6,Goal
3,56,-21,20,-3,1,Blocked Shot
2,856,-14,36,-4,0,Hit
2,1074,-26,-13,3,0,Hit
2,600,-6,36,-4,0,Hit
2,928,57,30,0,0,Hit
3,731,-92,-7,-1,4,Shot on Goal
2,614,-87,3,2,0,Hit
3,195,-86,37,-1,0,Hit
1,1157,52,20,1,6,Goal
3,238,-98,2,-4,0,Hit
2,265,16,-16,0,1,Blocked Shot
3,6,38,-16,0,0,Hit
2,421,-68,0,-1,1,Blocked Shot
2,816,85,-34,-5,0,Hit
1,970,61,36,-4,6,Goal
1,393,26,-40,-2,1,Blocked Shot
2,991,-21,-32,-2,0,Hit
1,293,-53,-20,-4,1,Blocked Shot
3,192,-16,4,0,0,Hit
3,901,58,-3,-2,4,Shot on Goal
2,946,-57,37,1,0,Hit
2,953,75,-21,-3,1,Blocked Shot
3,483,-18,-11,-3,0,Hit
1,614,-25,-11,4,6,Goal
2,70,-56,-21,2,6,Goal
3,394,99,-16,-3,0,Hit
2,826,-83,-40,-4,0,Hit
1,1060,-95,25,-3,0,Hit
1,123,-54,-3,3,1,Blocked Shot
2,1069,2,20,-3,0,Hit
2,123,-27,28,3,1,Blocked Shot
3,438,78,-29,-5,0,Hit
1,285,-83,-46,-4,1,Blocked Shot
1,694,97,0,2,6,Goal
1,110,-59,37,-2,1,Blocked Shot
3,572,-43,-15,2,0,Hit
3,1122,70,30,2,4,Shot on Goal
1,549,41,7,-2,1,Blocked Shot
1,15,-58,1,-1,6,Goal
1,898,71,-21,-3,6,Goal
1,441,-62,15,4,6,Goal
2,1095,77,15,-2,0,Hit
1,690,89,22,-5,1,Blocked Shot
3,587,-63,-41,-5,0,Hit
3,867,-42,-26,-3,4,Shot on Goal
1,690,-81,17,-1,0,Hit
1,288,-38,-47,-5,1,Blocked Shot
1,458,-26,1,-2,1,Blocked Shot
1,463,-71,-11,-1,1,Blocked Shot
2,802,21,7,-2,1,Blocked Shot
1,679,65,-9,-4,1,Blocked Shot
3,1130,-32,-24,-5,4,Shot on Goal
2,550,62,49,-4,1,Blocked Shot
1,668,20,44,-4,1,Blocked Shot
3,553,-77,-42,3,0,Hit
2,466,-56,32,3,1,Blocked Shot
2,881,7,47,2,5,Missed Shot
1,1042,-72,-46,-3,0,Hit
3,1012,96,-40,-2,4,Shot on Goal
1,471,16,-46,2,6,Goal
2,1032,-60,-48,4,0,Hit
1,317,-18,-23,-4,1,Blocked Shot
1,118,-93,-17,0,1,Blocked Shot
1,577,44,5,-5,1,Blocked Shot
3,536,93,-4,1,0,Hit
2,250,-47,-50,-5,0,Hit
2,281,-95,-28,-4,1,Blocked Shot
1,1098,-19,-48,4,6,Goal
1,587,-4,-14,-2,1,Blocked Shot
2,695,-10,21,3,1,Blocked Shot
3,554,-29,-36,-4,0,Hit
3,1002,35,-39,3,0,Hit
2,155,-32,0,-4,1,Blocked Shot
2,344,7,8,1,0,Hit
3,671,-69,24,1,0,Hit
2,491,97,-33,0,0,Hit
2,50,61,10,2,1,Blocked Shot
3,263,78,-26,-2,0,Hit
3,395,-27,-40,4,0,Hit
3,996,-6,-17,-3,4,Shot on Goal
3,641,-1,27,4,0,Hit
2,746,-49,-18,-1,0,Hit
1,110,79,32,-3,5,Missed Shot
3,648,-19,47,-5,0,Hit
3,833,-60,16,3,0,Hit
2,912,39,31,0,1,Blocked Shot
2,491,-20,49,-5,1,Blocked Shot
2,1068,76,-49,-2,0,Hit
1,424,-18,14,2,2,Takeaway
2,720,-6,-48,2,0,Hit
2,295,56,-48,-3,1,Blocked Shot
1,396,14,24,-3,1,Blocked Shot
2,1008,74,48,0,0,Hit
2,419,-72,-18,1,1,Blocked Shot
3,907,-90,33,3,3,Giveaway
2,265,-93,42,-3,0,Hit
2,975,40,-13,-2,0,Hit
1,898,56,4,0,6,Goal
2,1178,97,-37,3,1,Blocked Shot
2,277,97,42,2,1,Blocked Shot
3,704,-74,-13,-4,0,Hit
1,668,-50,-8,-5,0,Hit
3,849,91,-18,-2,4,Shot on Goal
1,1108,-77,16,2,6,Goal
1,809,-51,26,4,6,Goal
1,424,-84,25,1,1,Blocked Shot
1,765,-8,21,4,6,Goal
2,337,11,41,-1,3,Giveaway
1,742,-67,-28,-4,0,Hit
2,75,57,-26,3,1,Blocked Shot
3,438,-20,0,4,6,Goal
3,117,-25,-17,1,0,Hit
2,127,-67,-1,-5,1,Blocked Shot
2,595,-98,49,-3,0,Hit
1,1066,-10,-48,-4,0,Hit
2,1018,-15,-24,3,0,Hit
3,174,43,11,3,0,Hit
3,569,-5,25,-3,0,Hit
2,256,-60,40,-4,5,Missed Shot
2,696,-57,12,-5,0,Hit
1,359,-52,12,-2,1,Blocked Shot
2,1061,-62,32,-3,0,Hit
2,11,38,-19,-3,1,Blocked Shot
3,186,-26,36,3,0,Hit
1,665,-46,-25,4,6,Goal
2,647,-84,36,-3,0,Hit
1,774,-77,-31,-2,0,Hit
3,226,-14,17,-4,0,Hit
3,638,44,-47,-4,4,Shot on Goal
1,301,-89,-16,1,1,Blocked Shot
3,23,66,4,2,0,Hit
3,635,77,-21,-5,6,Goal
3,914,32,-39,0,0,Hit
2,190,-96,-27,3,5,Missed Shot
1,568,91,14,1,6,Goal
1,1028,4,-21,4,6,Goal
3,192,78,45,-4,0,Hit
3,748,70,20,0,4,Shot on Goal
2,18,3,-33,-5,1,Blocked Shot
3,832,85,10,-5,4,Shot on Goal
3,1103,-57,-26,-4,6,Goal
2,187,30,15,-2,1,Blocked Shot
3,394,-15,16,-4,0,Hit
2,64,-22,18,2,1,Blocked Shot
3,480,-56,-37,-4,0,Hit
2,409,14,-42,-4,0,Hit
1,1068,24,7,-1,6,Goal
1,36,-50,29,-5,1,Blocked Shot
2,78,33,-15,-3,1,Blocked Shot
2,75,23,25,-2,1,Blocked Shot
2,955,85,24,-4,0,Hit
3,630,-4,-29,-5,0,Hit
2,159,-90,47,3,6,Goal
1,106,-18,12,0,1,Blocked Shot
3,732,82,32,-5,4,Shot on Goal
1,245,-14,12,-2,1,Blocked Shot
2,169,-56,-41,-1,1,Blocked Shot
3,557,22,16,-1,4,Shot on Goal
1,453,29,-22,-1,1,Blocked Shot
2,1039,-64,13,-3,0,Hit
3,957,-81,16,1,0,Hit
2,820,-16,-24,1,0,Hit
2,32,85,-34,3,1,Blocked Shot
1,959,39,-46,0,6,Goal
2,645,-64,-34,-2,0,Hit
3,703,-8,-50,4,0,Hit
2,1080,46,0,-3,1,Blocked Shot
1,173,80,42,4,6,Goal
2,1108,-51,8,-2,0,Hit
3,430,-5,-38,4,0,Hit
3,1156,-73,-5,-5,4,Shot on Goal
2,683,-18,46,3,0,Hit
1,772,-54,46,-4,0,Hit
1,1026,-35,-1,-3,0,Hit
3,118,-17,13,4,4,Shot on Goal
1,680,77,15,2,6,Goal
2,1053,2,10,-4,0,Hit
1,816,1,29,-4,1,Blocked Shot
1,1052,-46,25,-1,0,Hit
1,692,51,21,2,6,Goal
2,432,2,-47,-4,0,Hit
3,873,-1,-38,-3,4,Shot on Goal
1,474,83,15,4,2,Takeaway
1,842,-20,-12,-1,6,Goal
3,214,-74,-36,-2,0,Hit
2,594,-59,35,-5,0,Hit
2,186,-26,47,-2,1,Blocked Shot
3,1179,-97,18,-2,4,Shot on Goal
1,432,3,40,-3,1,Blocked Shot
1,1181,20,0,1,6,Goal
3,930,-56,-30,1,0,Hit
1,37,70,35,-5,1,Blocked Shot
3,1,-54,2,-4,5,Missed Shot
1,350,-66,-39,-1,1,Blocked Shot
2,1087,-43,19,-2,0,Hit
2,608,43,-20,2,0,Hit
1,503,-82,-27,-3,1,Blocked Shot
2,599,67,-46,1,0,Hit
2,406,8,46,-4,1,Blocked Shot
2,581,-33,-28,4,0,Hit
1,979,-99,-8,-2,0,Hit
3,1186,94,-7,3,4,Shot on Goal
3,185,-76,15,4,6,Goal
1,141,-78,6,-2,6,Goal
2,671,-81,24,-3,0,Hit
3,498,-97,-38,2,0,Hit
3,1072,-85,11,-4,4,Shot on Goal
1,526,-55,-1,4,6,Goal
3,693,52,-32,2,0,Hit
3,540,-75,-18,-1,0,Hit
3,874,1,26,1,0,Hit
3,443,-71,-14,2,0,Hit
1,934,-81,30,4,6,Goal
2,983,-38,-40,-5,0,Hit
2,1179,-71,-26,0,0,Hit
1,1192,-81,34,-1,0,Hit
3,1096,-81,39,-3,4,Shot on Goal
2,142,-21,15,1,1,Blocked Shot
3,630,23,6,4,0,Hit
1,481,47,49,0,6,Goal
3,1061,-58,14,2,0,Hit
3,225,29,13,0,0,Hit
1,773,63,-29,2,6,Goal
3,1060,98,-10,-3,0,Hit
1,692,-54,-10,-1,0,Hit
3,865,-25,36,4,5,Missed Shot
2,506,-12,47,-4,1,Blocked Shot
2,246,63,16,-1,1,Blocked Shot
2,971,45,-20,-1,0,Hit
2,922,-12,25,-3,1,Blocked Shot
2,839,-74,-14,-1,0,Hit
1,266,42,-29,-4,1,Blocked Shot
1,459,30,4,-3,1,Blocked Shot
2,52,-33,-36,1,1,Blocked Shot
3,1087,-75,-1,1,0,Hit
1,433,73,9,-3,1,Blocked Shot
1,630,13,20,-4,1,Blocked Shot
1,980,18,-1,1,6,Goal
2,526,48,-18,2,1,Blocked Shot
3,1103,75,-23,-4,4,Shot on Goal
2,771,75,-25,-5,0,Hit
1,517,-4,-26,-3,1,Blocked Shot
2,245,-77,-35,-2,0,Hit
2,113,-37,1,0,1,Blocked Shot
1,228,-52,13,-1,1,Blocked Shot
2,1114,-95,28,-4,1,Blocked Shot
2,168,22,30,3,1,Blocked Shot
1,382,29,36,1,6,Goal
3,78,-88,43,0,6,Goal
3,747,-49,-9,2,2,Takeaway
2,527,-74,-34,-3,0,Hit
1,841,16,35,-1,6,Goal
1,555,-48,-16,-4,1,Blocked Shot
1,1030,-33,23,-3,0,Hit
3,547,3,42,3,4,Shot on Goal
2,1090,-98,25,1,0,Hit
2,823,56,40,-3,2,Takeaway
2,452,94,-35,-1,1,Blocked Shot
3,235,22,49,3,0,Hit
1,115,-93,43,2,6,Goal
2,797,-36,-42,-4,3,Giveaway
2,1073,-8,49,3,0,Hit
2,673,-32,36,-4,0,Hit
3,600,41,-27,-3,0,Hit
3,644,-57,-46,1,0,Hit
1,394,-68,32,-4,4,Shot on Goal
1,371,-69,-17,2,1,Blocked Shot
2,1110,16,-41,4,0,Hit
3,517,17,32,-2,0,Hit
3,583,40,19,0,4,Shot on Goal
3,972,95,-30,4,4,Shot on Goal
3,172,-16,-5,3,4,Shot on Goal
3,975,65,3,0,4,Shot on Goal
1,550,63,45,-1,1,Blocked Shot
1,585,-59,-45,-4,1,Blocked Shot
2,131,70,22,-5,1,Blocked Shot
2,429,-85,39,-5,0,Hit
2,981,95,-28,4,1,Blocked Shot
3,867,70,10,1,4,Shot on Goal
1,973,94,1,-5,1,Blocked Shot
1,19,71,-50,1,1,Blocked Shot
2,762,-83,17,-4,0,Hit
3,1157,-67,-3,-1,4,Shot on Goal
1,272,-3,-3,-1,1,Blocked Shot
3,306,83,24,0,0,Hit
3,1173,-54,12,-1,4,Shot on Goal
1,885,30,-27,4,6,Goal
2,980,-78,18,-5,0,Hit
3,358,-31,-19,1,4,Shot on Goal
2,774,-33,-36,3,2,Takeaway
1,490,-88,40,-2,1,Blocked Shot
1,187,59,-8,-4,1,Blocked Shot
3,202,98,30,-3,1,Blocked Shot
3,1055,87,-14,0,4,Shot on Goal
2,465,52,3,4,1,Blocked Shot
3,1040,88,33,4,4,Shot on Goal
3,621,-5,38,-5,2,Takeaway
1,996,-86,-50,-4,0,Hit
3,778,-7,15,3,0,Hit
1,687,8,-4,-2,6,Goal
1,570,24,-29,-4,1,Blocked Shot
3,478,41,-5,0,5,Missed Shot
1,602,-86,17,4,6,Goal
1,424,-43,-37,-5,3,Giveaway
1,521,80,-8,-1,1,Blocked Shot
2,1186,-21,42,-2,0,Hit
2,97,45,27,3,1,Blocked Shot
1,851,-33,1,-4,0,Hit
2,524,71,-30,1,0,Hit
2,489,73,46,3,0,Hit
2,1149,91,-26,-1,1,Blocked Shot
1,1016,-75,-25,0,0,Hit
3,538,98,15,-2,3,Giveaway
1,846,-88,30,-3,0,Hit
3,632,-61,21,-3,0,Hit
3,877,-40,31,-3,4,Shot on Goal
3,632,-46,-47,1,0,Hit
2,375,12,25,2,0,Hit
3,603,-53,-16,-5,0,Hit
1,423,87,-44,1,1,Blocked Shot
2,1002,-84,-42,-3,0,Hit
2,355,-90,-20,-5,1,Blocked Shot
3,1140,23,10,3,0,Hit
3,688,-77,-44,0,0,Hit
3,929,78,42,-5,4,Shot on Goal
3,36,74,-35,3,0,Hit
3,85,61,46,2,0,Hit
3,141,-82,-15,-3,0,Hit
1,878,-72,16,-1,0,Hit
2,1161,99,12,4,1,Blocked Shot
1,417,-79,-42,-2,1,Blocked Shot
3,81,40,11,2,0,Hit
3,83,58,-35,-5,0,Hit
2,280,-16,2,4,6,Goal
3,77,14,-50,0,0,Hit
3,27,-94,-5,1,0,Hit
3,841,64,-7,-5,4,Shot on Goal
3,603,-36,38,-5,0,Hit
3,183,-12,28,3,0,Hit
3,10,-3,17,3,0,Hit
3,850,-28,37,1,0,Hit
1,314,-48,0,4,1,Blocked Shot
2,946,18,31,2,1,Blocked Shot
1,935,44,8,4,6,Goal
1,74,-73,-5,2,1,Blocked Shot
3,279,-94,-36,-5,0,Hit
1,105,-36,-46,3,1,Blocked Shot
1,793,77,-49,-3,1,Blocked Shot
3,667,-32,23,-5,0,Hit
3,53,14,30,-3,5,Missed Shot
2,489,68,-2,-4,1,Blocked Shot
2,605,-24,-8,-4,0,Hit
3,431,-96,17,0,0,Hit
3,781,-59,-50,-5,4,Shot on Goal
3,810,-75,-32,0,0,Hit
3,1096,-9,-50,-3,4,Shot on Goal
2,756,-22,36,0,6,Goal
3,202,-86,-37,0,0,Hit
3,1010,7,-19,1,0,Hit
2,1065,50,-6,2,0,Hit
3,699,-70,17,4,1,Blocked Shot
2,281,79,-50,1,1,Blocked Shot
2,608,-63,32,1,0,Hit
3,828,-25,44,2,0,Hit
3,336,85,-26,1,0,Hit
2,720,92,40,1,0,Hit
2,48,33,-46,0,1,Blocked Shot
2,1171,25,13,4,0,Hit
2,552,-32,-13,-2,2,Takeaway
2,753,-32,6,0,0,Hit
1,127,-78,-7,-1,1,Blocked Shot
1,1097,44,40,2,6,Goal
2,147,-98,9,-2,1,Blocked Shot
2,428,1,-47,-5,0,Hit
2,425,-49,7,-1,0,Hit
2,1100,60,-22,2,0,Hit
2,865,56,-17,1,1,Blocked Shot
1,512,80,-44,1,6,Goal
1,8,-58,24,-2,1,Blocked Shot
1,780,-62,-35,2,6,Goal
3,1043,13,-23,-3,4,Shot on Goal
2,809,74,39,-5,0,Hit
3,0,-78,4,-3,1,Blocked Shot
3,254,-39,-5,-2,0,Hit
3,1036,50,0,-3,4,Shot on Goal
2,619,34,24,1,0,Hit
3,168,-5,-26,-3,0,Hit
3,3,-57,-32,-5,1,Blocked Shot
1,178,64,-31,1,5,Missed Shot
3,194,-40,-17,-4,0,Hit
1,1168,38,-40,4,6,Goal
1,1197,98,-32,4,6,Goal
2,543,-22,-12,-4,0,Hit
2,344,-29,12,-5,2,Takeaway
1,832,38,-6,1,6,Goal
2,48,-29,15,-1,1,Blocked Shot
3,99,-80,-32,4,0,Hit
3,22,-87,32,-4,1,Blocked Shot
3,400,-79,-9,3,0,Hit
3,927,-13,40,-3,4,Shot on Goal
2,885,-15,5,1,0,Hit
1,450,-5,18,3,6,Goal
2,707,41,-35,2,0,Hit
1,332,18,16,-3,1,Blocked Shot
2,475,-50,-23,0,2,Takeaway
3,153,86,-4,-2,0,Hit
3,298,12,-45,-3,0,Hit
1,831,-54,-30,-1,0,Hit
2,1145,4,15,3,0,Hit
1,634,-35,49,-1,6,Goal
2,473,-45,47,-5,1,Blocked Shot
1,418,20,-32,0,5,Missed Shot
2,1118,-4,0,-2,0,Hit
2,515,50,17,-5,1,Blocked Shot
2,1188,74,-13,3,1,Blocked Shot
2,1058,93,-29,1,1,Blocked Shot
3,159,-50,39,3,4,Shot on Goal
1,960,-71,-43,0,0,Hit
3,711,-91,-7,4,0,Hit
3,1052,-69,-3,-4,0,Hit
1,661,-38,49,-4,0,Hit
1,688,-69,-39,1,6,Goal
3,964,52,-27,-4,4,Shot on Goal
2,805,-32,-22,1,0,Hit
3,195,-40,-25,-1,0,Hit
1,83,-68,-37,-2,1,Blocked Shot
3,627,70,-26,0,4,Shot on Goal
2,917,-40,-48,4,0,Hit
2,611,-56,17,-2,0,Hit
1,503,-23,-21,-3,1,Blocked Shot
2,736,-73,-25,2,0,Hit
1,200,12,-6,-2,1,Blocked Shot
1,133,82,4,1,0,Hit
1,243,-76,-34,-3,1,Blocked Shot
3,438,-14,-29,2,0,Hit
3,1014,53,24,-4,4,Shot on Goal
2,1028,-38,-22,1,0,Hit
2,236,-10,-13,1,0,Hit
2,20,-72,-1,0,1,Blocked Shot
2,416,1,-35,-3,0,Hit
3,668,71,0,2,4,Shot on Goal
3,631,57,18,0,4,Shot on Goal
1,437,-19,-45,-1,1,Blocked Shot
1,412,-51,-45,3,1,Blocked Shot
3,369,78,-48,1,0,Hit
3,78,-85,-40,-5,1,Blocked Shot
2,539,-10,25,4,0,Hit
3,297,-1,43,-2,0,Hit
3,945,-87,-34,4,0,Hit
2,801,-90,30,-4,0,Hit
2,693,-62,-3,0,0,Hit
1,456,6,13,-4,1,Blocked Shot
2,177,30,0,-2,1,Blocked Shot
1,122,65,-10,-2,1,Blocked Shot
3,129,5,-45,2,0,Hit
3,80,-96,9,-5,1,Blocked Shot
3,377,64,27,-1,0,Hit
2,453,83,-28,0,0,Hit
3,73,83,-10,-4,0,Hit
3,117,12,-37,2,0,Hit
2,333,34,-26,2,1,Blocked Shot
2,927,6,19,-3,0,Hit
1,78,-32,-18,-1,1,Blocked Shot
2,689,-62,39,-1,0,Hit
3,440,-27,-18,3,6,Goal
1,185,-96,-40,1,1,Blocked Shot
3,726,-22,-17,-1,0,Hit
2,844,-38,9,0,0,Hit
1,543,87,47,-4,1,Blocked Shot
1,645,-47,20,-3,0,Hit
2,576,-38,17,-3,0,Hit
3,542,88,3,3,1,Blocked Shot
2,703,-85,25,-1,0,Hit
1,203,-95,0,2,1,Blocked Shot
1,727,-59,-41,2,6,Goal
3,901,-8,8,0,0,Hit
1,959,39,-46,0,6,Goal
2,645,-64,-34,-2,0,Hit
3,703,-8,-50,4,0,Hit
2,1080,46,0,-3,1,Blocked Shot
1,173,80,42,4,6,Goal
2,1108,-51,8,-2,0,Hit
3,430,-5,-38,4,0,Hit
3,1156,-73,-5,-5,4,Shot on Goal
2,683,-18,46,3,0,Hit
1,772,-54,46,-4,0,Hit
1,1026,-35,-1,-3,0,Hit
3,118,-17,13,4,4,Shot on Goal
1,680,77,15,2,6,Goal
2,1053,2,10,-4,0,Hit
1,816,1,29,-4,1,Blocked Shot
1,1052,-46,25,-1,0,Hit
1,692,51,21,2,6,Goal
2,432,2,-47,-4,0,Hit
3,873,-1,-38,-3,4,Shot on Goal
1,474,83,15,4,2,Takeaway
1,842,-20,-12,-1,6,Goal
3,214,-74,-36,-2,0,Hit
2,594,-59,35,-5,0,Hit
2,186,-26,47,-2,1,Blocked Shot
3,1179,-97,18,-2,4,Shot on Goal
1,432,3,40,-3,1,Blocked Shot
1,1181,20,0,1,6,Goal
3,930,-56,-30,1,0,Hit
1,37,70,35,-5,1,Blocked Shot
3,1,-54,2,-4,5,Missed Shot
1,350,-66,-39,-1,1,Blocked Shot
2,1087,-43,19,-2,0,Hit
2,608,43,-20,2,0,Hit
1,503,-82,-27,-3,1,Blocked Shot
2,599,67,-46,1,0,Hit
2,406,8,46,-4,1,Blocked Shot
2,581,-33,-28,4,0,Hit
1,979,-99,-8,-2,0,Hit
3,1186,94,-7,3,4,Shot on Goal
3,185,-76,15,4,6,Goal
1,141,-78,6,-2,6,Goal
2,671,-81,24,-3,0,Hit
3,498,-97,-38,2,0,Hit
3,1072,-85,11,-4,4,Shot on Goal
1,526,-55,-1,4,6,Goal
3,693,52,-32,2,0,Hit
3,540,-75,-18,-1,0,Hit
3,874,1,26,1,0,Hit
3,443,-71,-14,2,0,Hit
1,934,-81,30,4,6,Goal
2,983,-38,-40,-5,0,Hit
2,1179,-71,-26,0,0,Hit
1,1192,-81,34,-1,0,Hit
3,1096,-81,39,-3,4,Shot on Goal
2,142,-21,15,1,1,Blocked Shot
3,630,23,6,4,0,Hit
1,481,47,49,0,6,Goal
3,1061,-58,14,2,0,Hit
3,225,29,13,0,0,Hit
1,773,63,-29,2,6,Goal
3,1060,98,-10,-3,0,Hit
1,692,-54,-10,-1,0,Hit
3,865,-25,36,4,5,Missed Shot
2,506,-12,47,-4,1,Blocked Shot
2,246,63,16,-1,1,Blocked Shot
2,971,45,-20,-1,0,Hit
2,922,-12,25,-3,1,Blocked Shot
2,839,-74,-14,-1,0,Hit
1,266,42,-29,-4,1,Blocked Shot
1,459,30,4,-3,1,Blocked Shot
2,52,-33,-36,1,1,Blocked Shot
3,1087,-75,-1,1,0,Hit
1,433,73,9,-3,1,Blocked Shot
1,630,13,20,-4,1,Blocked Shot
1,980,18,-1,1,6,Goal
2,526,48,-18,2,1,Blocked Shot
3,1103,75,-23,-4,4,Shot on Goal
2,771,75,-25,-5,0,Hit
1,517,-4,-26,-3,1,Blocked Shot
2,245,-77,-35,-2,0,Hit
2,113,-37,1,0,1,Blocked Shot
1,228,-52,13,-1,1,Blocked Shot
2,1114,-95,28,-4,1,Blocked Shot
2,168,22,30,3,1,Blocked Shot
1,382,29,36,1,6,Goal
3,78,-88,43,0,6,Goal
3,747,-49,-9,2,2,Takeaway
2,527,-74,-34,-3,0,Hit
1,841,16,35,-1,6,Goal
1,555,-48,-16,-4,1,Blocked Shot
1,1030,-33,23,-3,0,Hit
3,547,3,42,3,4,Shot on Goal
2,1090,-98,25,1,0,Hit
2,823,56,40,-3,2,Takeaway
2,452,94,-35,-1,1,Blocked Shot
3,235,22,49,3,0,Hit
1,115,-93,43,2,6,Goal
2,797,-36,-42,-4,3,Giveaway
2,1073,-8,49,3,0,Hit
2,673,-32,36,-4,0,Hit
3,600,41,-27,-3,0,Hit
3,644,-57,-46,1,0,Hit
1,394,-68,32,-4,4,Shot on Goal
1,371,-69,-17,2,1,Blocked Shot
2,1110,16,-41,4,0,Hit
3,517,17,32,-2,0,Hit
3,583,40,19,0,4,Shot on Goal
3,972,95,-30,4,4,Shot on Goal
3,172,-16,-5,3,4,Shot on Goal
3,975,65,3,0,4,Shot on Goal
1,550,63,45,-1,1,Blocked Shot
1,585,-59,-45,-4,1,Blocked Shot
2,131,70,22,-5,1,Blocked Shot
2,429,-85,39,-5,0,Hit
2,981,95,-28,4,1,Blocked Shot
3,867,70,10,1,4,Shot on Goal
1,973,94,1,-5,1,Blocked Shot
1,19,71,-50,1,1,Blocked Shot
2,762,-83,17,-4,0,Hit
3,1157,-67,-3,-1,4,Shot on Goal
1,272,-3,-3,-1,1,Blocked Shot
3,306,83,24,0,0,Hit
3,1173,-54,12,-1,4,Shot on Goal
1,885,30,-27,4,6,Goal
2,980,-78,18,-5,0,Hit
3,358,-31,-19,1,4,Shot on Goal
2,774,-33,-36,3,2,Takeaway
1,490,-88,40,-2,1,Blocked Shot
1,187,59,-8,-4,1,Blocked Shot
3,202,98,30,-3,1,Blocked Shot
3,1055,87,-14,0,4,Shot on Goal
2,465,52,3,4,1,Blocked Shot
3,1040,88,33,4,4,Shot on Goal
3,621,-5,38,-5,2,Takeaway
1,996,-86,-50,-4,0,Hit
3,778,-7,15,3,0,Hit
1,687,8,-4,-2,6,Goal
1,570,24,-29,-4,1,Blocked Shot
3,478,41,-5,0,5,Missed Shot
1,602,-86,17,4,6,Goal
1,424,-43,-37,-5,3,Giveaway
1,521,80,-8,-1,1,Blocked Shot
2,1186,-21,42,-2,0,Hit
2,97,45,27,3,1,Blocked Shot
1,851,-33,1,-4,0,Hit
2,524,71,-30,1,0,Hit
2,489,73,46,3,0,Hit
2,1149,91,-26,-1,1,Blocked Shot
1,1016,-75,-25,0,0,Hit
3,538,98,15,-2,3,Giveaway
1,846,-88,30,-3,0,Hit
3,632,-61,21,-3,0,Hit
3,877,-40,31,-3,4,Shot on Goal
3,632,-46,-47,1,0,Hit
2,375,12,25,2,0,Hit
3,603,-53,-16,-5,0,Hit
1,423,87,-44,1,1,Blocked Shot
2,1002,-84,-42,-3,0,Hit
2,355,-90,-20,-5,1,Blocked Shot
3,1140,23,10,3,0,Hit
3,688,-77,-44,0,0,Hit
3,929,78,42,-5,4,Shot on Goal
3,36,74,-35,3,0,Hit
3,85,61,46,2,0,Hit
3,141,-82,-15,-3,0,Hit
1,878,-72,16,-1,0,Hit
2,1161,99,12,4,1,Blocked Shot
1,417,-79,-42,-2,1,Blocked Shot
3,81,40,11,2,0,Hit
3,83,58,-35,-5,0,Hit
2,280,-16,2,4,6,Goal
3,77,14,-50,0,0,Hit
3,27,-94,-5,1,0,Hit
3,841,64,-7,-5,4,Shot on Goal
3,603,-36,38,-5,0,Hit
3,183,-12,28,3,0,Hit
3,10,-3,17,3,0,Hit
3,850,-28,37,1,0,Hit
1,314,-48,0,4,1,Blocked Shot
2,946,18,31,2,1,Blocked Shot
1,935,44,8,4,6,Goal
1,74,-73,-5,2,1,Blocked Shot
3,279,-94,-36,-5,0,Hit
1,105,-36,-46,3,1,Blocked Shot
1,793,77,-49,-3,1,Blocked Shot
3,667,-32,23,-5,0,Hit
3,53,14,30,-3,5,Missed Shot
2,489,68,-2,-4,1,Blocked Shot
2,605,-24,-8,-4,0,Hit
3,431,-96,17,0,0,Hit
3,781,-59,-50,-5,4,Shot on Goal
3,810,-75,-32,0,0,Hit
3,1096,-9,-50,-3,4,Shot on Goal
2,756,-22,36,0,6,Goal
3,202,-86,-37,0,0,Hit
3,1010,7,-19,1,0,Hit
2,1065,50,-6,2,0,Hit
3,699,-70,17,4,1,Blocked Shot
2,281,79,-50,1,1,Blocked Shot
2,608,-63,32,1,0,Hit
3,828,-25,44,2,0,Hit
3,336,85,-26,1,0,Hit
2,720,92,40,1,0,Hit
2,48,33,-46,0,1,Blocked Shot
2,1171,25,13,4,0,Hit
2,552,-32,-13,-2,2,Takeaway
2,753,-32,6,0,0,Hit
1,127,-78,-7,-1,1,Blocked Shot
1,1097,44,40,2,6,Goal
2,147,-98,9,-2,1,Blocked Shot
2,428,1,-47,-5,0,Hit
2,425,-49,7,-1,0,Hit
2,1100,60,-22,2,0,Hit
2,865,56,-17,1,1,Blocked Shot
1,512,80,-44,1,6,Goal
1,8,-58,24,-2,1,Blocked Shot
1,780,-62,-35,2,6,Goal
3,1043,13,-23,-3,4,Shot on Goal
2,809,74,39,-5,0,Hit
3,0,-78,4,-3,1,Blocked Shot
3,254,-39,-5,-2,0,Hit
3,1036,50,0,-3,4,Shot on Goal
2,619,34,24,1,0,Hit
3,168,-5,-26,-3,0,Hit
3,3,-57,-32,-5,1,Blocked Shot
1,178,64,-31,1,5,Missed Shot
3,194,-40,-17,-4,0,Hit
1,1168,38,-40,4,6,Goal
1,1197,98,-32,4,6,Goal
2,543,-22,-12,-4,0,Hit
2,344,-29,12,-5,2,Takeaway
1,832,38,-6,1,6,Goal
2,48,-29,15,-1,1,Blocked Shot
3,99,-80,-32,4,0,Hit
3,22,-87,32,-4,1,Blocked Shot
3,400,-79,-9,3,0,Hit
3,927,-13,40,-3,4,Shot on Goal
2,885,-15,5,1,0,Hit
1,450,-5,18,3,6,Goal
2,707,41,-35,2,0,Hit
1,332,18,16,-3,1,Blocked Shot
2,475,-50,-23,0,2,Takeaway
3,153,86,-4,-2,0,Hit
3,298,12,-45,-3,0,Hit
1,831,-54,-30,-1,0,Hit
2,1145,4,15,3,0,Hit
1,634,-35,49,-1,6,Goal
2,473,-45,47,-5,1,Blocked Shot
1,418,20,-32,0,5,Missed Shot
2,1118,-4,0,-2,0,Hit
2,515,50,17,-5,1,Blocked Shot
2,1188,74,-13,3,1,Blocked Shot
2,1058,93,-29,1,1,Blocked Shot
3,159,-50,39,3,4,Shot on Goal
1,960,-71,-43,0,0,Hit
3,711,-91,-7,4,0,Hit
3,1052,-69,-3,-4,0,Hit
1,661,-38,49,-4,0,Hit
1,688,-69,-39,1,6,Goal
3,964,52,-27,-4,4,Shot on Goal
2,805,-32,-22,1,0,Hit
3,195,-40,-25,-1,0,Hit
1,83,-68,-37,-2,1,Blocked Shot
3,627,70,-26,0,4,Shot on Goal
2,917,-40,-48,4,0,Hit
2,611,-56,17,-2,0,Hit
1,503,-23,-21,-3,1,Blocked Shot
2,736,-73,-25,2,0,Hit
1,200,12,-6,-2,1,Blocked Shot
1,133,82,4,1,0,Hit
1,243,-76,-34,-3,1,Blocked Shot
3,438,-14,-29,2,0,Hit
3,1014,53,24,-4,4,Shot on Goal
2,1028,-38,-22,1,0,Hit
2,236,-10,-13,1,0,Hit
2,20,-72,-1,0,1,Blocked Shot
2,416,1,-35,-3,0,Hit
3,668,71,0,2,4,Shot on Goal
3,631,57,18,0,4,Shot on Goal
1,437,-19,-45,-1,1,Blocked Shot
1,412,-51,-45,3,1,Blocked Shot
3,369,78,-48,1,0,Hit
3,78,-85,-40,-5,1,Blocked Shot
2,539,-10,25,4,0,Hit
3,297,-1,43,-2,0,Hit
3,945,-87,-34,4,0,Hit
2,801,-90,30,-4,0,Hit
2,693,-62,-3,0,0,Hit
1,456,6,13,-4,1,Blocked Shot
2,177,30,0,-2,1,Blocked Shot
1,122,65,-10,-2,1,Blocked Shot
3,129,5,-45,2,0,Hit
3,80,-96,9,-5,1,Blocked Shot
3,377,64,27,-1,0,Hit
2,453,83,-28,0,0,Hit
3,73,83,-10,-4,0,Hit
3,117,12,-37,2,0,Hit
2,333,34,-26,2,1,Blocked Shot
2,927,6,19,-3,0,Hit
1,78,-32,-18,-1,1,Blocked Shot
2,689,-62,39,-1,0,Hit
3,440,-27,-18,3,6,Goal
1,185,-96,-40,1,1,Blocked Shot
3,726,-22,-17,-1,0,Hit
2,844,-38,9,0,0,Hit
1,543,87,47,-4,1,Blocked Shot
1,645,-47,20,-3,0,Hit
2,576,-38,17,-3,0,Hit
3,542,88,3,3,1,Blocked Shot
2,703,-85,25,-1,0,Hit
1,203,-95,0,2,1,Blocked Shot
1,727,-59,-41,2,6,Goal
3,901,-8,8,0,0,Hit
1,935,56,-17,-1,6,Goal
1,403,51,21,-1,1,Blocked Shot
3,756,35,-47,3,0,Hit
1,1088,-10,14,-1,6,Goal
3,833,-65,-47,-2,4,Shot on Goal
1,448,14,33,-2,1,Blocked Shot
2,995,-15,47,-4,0,Hit
3,114,-13,23,-4,2,Takeaway
3,378,-89,11,1,0,Hit
2,1158,-92,-46,-3,0,Hit
1,172,39,38,-3,1,Blocked Shot
2,499,47,-35,4,0,Hit
1,1082,34,38,-1,6,Goal
2,683,-80,26,-4,0,Hit
2,91,-54,-21,1,1,Blocked Shot
1,26,-66,-49,-3,1,Blocked Shot
1,1161,48,24,-3,0,Hit
3,362,-43,-36,4,0,Hit
1,387,31,18,-4,1,Blocked Shot
1,996,95,-37,1,6,Goal
2,1165,21,16,4,0,Hit
1,864,27,34,-3,0,Hit
1,765,-16,-7,2,6,Goal
2,773,41,-11,-4,0,Hit
3,530,-69,-18,2,5,Missed Shot
3,359,-85,-29,-3,0,Hit
2,956,-42,-40,2,0,Hit
1,818,-24,36,0,6,Goal
1,159,-6,-3,-2,4,Shot on Goal
2,322,-84,-1,-4,1,Blocked Shot
2,1035,-56,-45,-5,0,Hit
1,949,44,33,-5,1,Blocked Shot
2,793,7,-38,3,0,Hit
3,1149,-65,42,3,0,Hit
1,527,84,10,1,6,Goal
1,1015,-100,-30,2,6,Goal
1,693,7,-20,3,6,Goal
2,445,-10,-48,0,1,Blocked Shot
3,642,51,-6,-1,4,Shot on Goal
3,1003,-62,33,-5,4,Shot on Goal
3,567,-19,-31,-5,0,Hit
2,559,-28,-26,4,2,Takeaway
2,502,83,-3,1,0,Hit
1,1185,-93,-16,-1,0,Hit
2,16,-50,-9,-1,1,Blocked Shot
2,888,-22,-6,3,0,Hit
1,893,7,-39,0,6,Goal
2,228,-47,17,-1,6,Goal
2,636,-39,-16,3,0,Hit
3,323,-55,11,3,2,Takeaway
2,131,20,10,3,1,Blocked Shot
1,662,21,6,-5,1,Blocked Shot
2,589,11,47,-3,1,Blocked Shot
3,572,92,-1,2,1,Blocked Shot
3,167,75,-2,4,0,Hit
1,479,-96,1,-4,1,Blocked Shot
2,727,-61,30,-5,0,Hit
2,586,76,45,2,0,Hit
3,545,84,-18,3,4,Shot on Goal
2,987,-60,-8,0,0,Hit
2,445,-49,38,-4,0,Hit
2,926,-78,-25,-5,0,Hit
3,487,-51,9,-4,0,Hit
1,7,-28,7,4,1,Blocked Shot
1,935,56,-17,-1,6,Goal
1,403,51,21,-1,1,Blocked Shot
3,756,35,-47,3,0,Hit
1,1088,-10,14,-1,6,Goal
3,833,-65,-47,-2,4,Shot on Goal
1,448,14,33,-2,1,Blocked Shot
2,995,-15,47,-4,0,Hit
3,114,-13,23,-4,2,Takeaway
3,378,-89,11,1,0,Hit
2,1158,-92,-46,-3,0,Hit
1,172,39,38,-3,1,Blocked Shot
2,499,47,-35,4,0,Hit
1,1082,34,38,-1,6,Goal
2,683,-80,26,-4,0,Hit
2,91,-54,-21,1,1,Blocked Shot
1,26,-66,-49,-3,1,Blocked Shot
1,1161,48,24,-3,0,Hit
3,362,-43,-36,4,0,Hit
1,387,31,18,-4,1,Blocked Shot
1,996,95,-37,1,6,Goal
2,1165,21,16,4,0,Hit
1,864,27,34,-3,0,Hit
1,765,-16,-7,2,6,Goal
2,773,41,-11,-4,0,Hit
3,530,-69,-18,2,5,Missed Shot
3,359,-85,-29,-3,0,Hit
2,956,-42,-40,2,0,Hit
1,818,-24,36,0,6,Goal
1,159,-6,-3,-2,4,Shot on Goal
2,322,-84,-1,-4,1,Blocked Shot
2,1035,-56,-45,-5,0,Hit
1,949,44,33,-5,1,Blocked Shot
2,793,7,-38,3,0,Hit
3,1149,-65,42,3,0,Hit
1,527,84,10,1,6,Goal
1,1015,-100,-30,2,6,Goal
1,693,7,-20,3,6,Goal
2,445,-10,-48,0,1,Blocked Shot
3,642,51,-6,-1,4,Shot on Goal
3,1003,-62,33,-5,4,Shot on Goal
3,567,-19,-31,-5,0,Hit
2,559,-28,-26,4,2,Takeaway
2,502,83,-3,1,0,Hit
1,1185,-93,-16,-1,0,Hit
2,16,-50,-9,-1,1,Blocked Shot
2,888,-22,-6,3,0,Hit
1,893,7,-39,0,6,Goal
2,228,-47,17,-1,6,Goal
2,636,-39,-16,3,0,Hit
3,323,-55,11,3,2,Takeaway
2,131,20,10,3,1,Blocked Shot
1,662,21,6,-5,1,Blocked Shot
2,589,11,47,-3,1,Blocked Shot
3,572,92,-1,2,1,Blocked Shot
3,167,75,-2,4,0,Hit
1,479,-96,1,-4,1,Blocked Shot
2,727,-61,30,-5,0,Hit
2,586,76,45,2,0,Hit
3,545,84,-18,3,4,Shot on Goal
2,987,-60,-8,0,0,Hit
2,445,-49,38,-4,0,Hit
2,926,-78,-25,-5,0,Hit
3,487,-51,9,-4,0,Hit
1,7,-28,7,4,1,Blocked Shot
